date,run_pipeline,Channel Name,sampleid,method,sub_method,condition,replicate,tissue,Lane,Index,project,project_orig,reference,chemistry,flowcell,seq_dir,min_umis,min_genes,percent_mito,cellbender_expected_cells,cellbender_total_droplets_included,focus,append,calc_signature_scores,introns,pbmc_relevance
2022_07_20,FALSE,channel1,FF03154680,multiome,atac,nuclei,channel1,pbmc,*,SI-NA-F12,FINNGEN,FINNGEN,GRCh38-2020-A_arc_v2.0.0,SC3Pv3,HV5Y3DSX3,gs://fc-secure-d4adbbf9-8265-4a5c-b14f-23a5f1b5c4f9/bcls/220803_SL-NSH_0973_BHV5Y3DSX3,400,200,20,1000,20000,,,,TRUE,"Unclear, Palmoplantar Keratoderma"
2022_07_20,FALSE,channel1,FF03154680,multiome,rna,nuclei,channel1,pbmc,*,SI-TT-F12,FINNGEN,FINNGEN,GRCh38-2020-A_arc_v2.0.0,SC3Pv3,HVG7JDSX3,gs://fc-secure-d4adbbf9-8265-4a5c-b14f-23a5f1b5c4f9/bcls/220803_SL-NSH_0972_AHVG7JDSX3,400,200,20,1000,20000,,,,TRUE,"Unclear, Palmoplantar Keratoderma"
2022_07_25,FALSE,channel1,FF03154742,multiome,atac,nuclei,channel1,pbmc,*,SI-NA-C1,FINNGEN,FINNGEN,GRCh38-2020-A_arc_v2.0.0,SC3Pv3,HV5Y3DSX3,gs://fc-secure-d4adbbf9-8265-4a5c-b14f-23a5f1b5c4f9/bcls/220803_SL-NSH_0973_BHV5Y3DSX3,400,200,20,1000,20000,,,,TRUE,Yes
2022_07_25,FALSE,channel1,FF03154742,multiome,rna,nuclei,channel1,pbmc,*,SI-TT-C4,FINNGEN,FINNGEN,GRCh38-2020-A_arc_v2.0.0,SC3Pv3,HVG7JDSX3,gs://fc-secure-d4adbbf9-8265-4a5c-b14f-23a5f1b5c4f9/bcls/220803_SL-NSH_0972_AHVG7JDSX3,400,200,20,1000,20000,,,,TRUE,Yes
2022_07_25,FALSE,channel1,FF03154843,multiome,atac,nuclei,channel1,pbmc,*,SI-NA-G1,FINNGEN,FINNGEN,GRCh38-2020-A_arc_v2.0.0,SC3Pv3,HV5Y3DSX3,gs://fc-secure-d4adbbf9-8265-4a5c-b14f-23a5f1b5c4f9/bcls/220803_SL-NSH_0973_BHV5Y3DSX3,400,200,20,1000,20000,,,,TRUE,"Unclear, Pyle disease"
2022_07_25,FALSE,channel1,FF03154843,multiome,rna,nuclei,channel1,pbmc,*,SI-TT-G4,FINNGEN,FINNGEN,GRCh38-2020-A_arc_v2.0.0,SC3Pv3,HVG7JDSX3,gs://fc-secure-d4adbbf9-8265-4a5c-b14f-23a5f1b5c4f9/bcls/220803_SL-NSH_0972_AHVG7JDSX3,400,200,20,1000,20000,,,,TRUE,"Unclear, Pyle disease"
2022_06_28,FALSE,channel1,FF03154902,multiome,atac,nuclei,channel1,pbmc,*,SI-NA-A3,FINNGEN,FINNGEN,GRCh38-2020-A_arc_v2.0.0,SC3Pv3,HC73JDMXY,gs://fc-secure-d4adbbf9-8265-4a5c-b14f-23a5f1b5c4f9/bcls/220715_SL-NVC_0970_BHC73JDMXY,400,200,20,1000,20000,,,,TRUE,Yes
2022_06_28,FALSE,channel1,FF03154902,multiome,rna,nuclei,channel1,pbmc,*,SI-TT-A4,FINNGEN,FINNGEN,GRCh38-2020-A_arc_v2.0.0,SC3Pv3,HC77YDMXY,gs://fc-secure-d4adbbf9-8265-4a5c-b14f-23a5f1b5c4f9/bcls/220715_SL-NVC_0971_AHC77YDMXY,400,200,20,1000,20000,,,,TRUE,Yes
2022_07_20,FALSE,channel1,FF03154915,multiome,atac,nuclei,channel1,pbmc,*,SI-NA-C12,FINNGEN,FINNGEN,GRCh38-2020-A_arc_v2.0.0,SC3Pv3,HV5Y3DSX3,gs://fc-secure-d4adbbf9-8265-4a5c-b14f-23a5f1b5c4f9/bcls/220803_SL-NSH_0973_BHV5Y3DSX3,400,200,20,1000,20000,,,,TRUE,Yes
2022_07_20,FALSE,channel1,FF03154915,multiome,rna,nuclei,channel1,pbmc,*,SI-TT-C12,FINNGEN,FINNGEN,GRCh38-2020-A_arc_v2.0.0,SC3Pv3,HVG7JDSX3,gs://fc-secure-d4adbbf9-8265-4a5c-b14f-23a5f1b5c4f9/bcls/220803_SL-NSH_0972_AHVG7JDSX3,400,200,20,1000,20000,,,,TRUE,Yes
2022_07_07,FALSE,channel1,FF03154963,multiome,atac,nuclei,channel1,pbmc,*,SI-NA-C6,FINNGEN,FINNGEN,GRCh38-2020-A_arc_v2.0.0,SC3Pv3,HC73JDMXY,gs://fc-secure-d4adbbf9-8265-4a5c-b14f-23a5f1b5c4f9/bcls/220715_SL-NVC_0970_BHC73JDMXY,400,200,20,1000,20000,,,,TRUE,Yes
2022_07_07,FALSE,channel1,FF03154963,multiome,rna,nuclei,channel1,pbmc,*,SI-TT-C7,FINNGEN,FINNGEN,GRCh38-2020-A_arc_v2.0.0,SC3Pv3,HC77YDMXY,gs://fc-secure-d4adbbf9-8265-4a5c-b14f-23a5f1b5c4f9/bcls/220715_SL-NVC_0971_AHC77YDMXY,400,200,20,1000,20000,,,,TRUE,Yes
2022_07_20,FALSE,channel1,FF03155007,multiome,atac,nuclei,channel1,pbmc,*,SI-NA-B12,FINNGEN,FINNGEN,GRCh38-2020-A_arc_v2.0.0,SC3Pv3,HV5Y3DSX3,gs://fc-secure-d4adbbf9-8265-4a5c-b14f-23a5f1b5c4f9/bcls/220803_SL-NSH_0973_BHV5Y3DSX3,400,200,20,1000,20000,,,,TRUE,"No, neuronal"
2022_07_20,FALSE,channel1,FF03155007,multiome,rna,nuclei,channel1,pbmc,*,SI-TT-B12,FINNGEN,FINNGEN,GRCh38-2020-A_arc_v2.0.0,SC3Pv3,HVG7JDSX3,gs://fc-secure-d4adbbf9-8265-4a5c-b14f-23a5f1b5c4f9/bcls/220803_SL-NSH_0972_AHVG7JDSX3,400,200,20,1000,20000,,,,TRUE,"No, neuronal"
2022_03_24,FALSE,channel1,FF04677848,multiome,rna,nuclei,channel1,pbmc,*,SI-TT-C11,FINNGEN,FINNGEN,GRCh38-2020-A_arc_v2.0.0,SC3Pv3,H3CNLDRX2,gs://fc-secure-d4adbbf9-8265-4a5c-b14f-23a5f1b5c4f9/bcls/220401_SL-NVN_0674_AH3CNLDRX2,400,200,20,1000,20000,,,,TRUE,Yes
2022_03_24,FALSE,channel1,FF04677848,multiome,atac,nuclei,channel1,pbmc,*,SI-NA-F10,FINNGEN,FINNGEN,GRCh38-2020-A_arc_v2.0.0,SC3Pv3,H3CNTDRX2,gs://fc-secure-d4adbbf9-8265-4a5c-b14f-23a5f1b5c4f9/bcls/220401_SL-NVN_0675_BH3CNTDRX2,400,200,20,1000,20000,,,,TRUE,Yes
2022_07_19,FALSE,channel1,FF04677850,multiome,atac,nuclei,channel1,pbmc,*,SI-NA-G11,FINNGEN,FINNGEN,GRCh38-2020-A_arc_v2.0.0,SC3Pv3,HV5Y3DSX3,gs://fc-secure-d4adbbf9-8265-4a5c-b14f-23a5f1b5c4f9/bcls/220803_SL-NSH_0973_BHV5Y3DSX3,400,200,20,1000,20000,,,,TRUE,Yes
2022_07_19,FALSE,channel1,FF04677850,multiome,rna,nuclei,channel1,pbmc,*,SI-TT-G11,FINNGEN,FINNGEN,GRCh38-2020-A_arc_v2.0.0,SC3Pv3,HVG7JDSX3,gs://fc-secure-d4adbbf9-8265-4a5c-b14f-23a5f1b5c4f9/bcls/220803_SL-NSH_0972_AHVG7JDSX3,400,200,20,1000,20000,,,,TRUE,Yes
2022_06_28,FALSE,channel1,FF04677883,multiome,atac,nuclei,channel1,pbmc,*,SI-NA-B3,FINNGEN,FINNGEN,GRCh38-2020-A_arc_v2.0.0,SC3Pv3,HC73JDMXY,gs://fc-secure-d4adbbf9-8265-4a5c-b14f-23a5f1b5c4f9/bcls/220715_SL-NVC_0970_BHC73JDMXY,400,200,20,1000,20000,,,,TRUE,Yes
2022_06_28,FALSE,channel1,FF04677883,multiome,rna,nuclei,channel1,pbmc,*,SI-TT-B4,FINNGEN,FINNGEN,GRCh38-2020-A_arc_v2.0.0,SC3Pv3,HC77YDMXY,gs://fc-secure-d4adbbf9-8265-4a5c-b14f-23a5f1b5c4f9/bcls/220715_SL-NVC_0971_AHC77YDMXY,400,200,20,1000,20000,,,,TRUE,Yes
2022_07_18,FALSE,channel1,FF04677928,multiome,atac,nuclei,channel1,pbmc,*,SI-NA-C11,FINNGEN,FINNGEN,GRCh38-2020-A_arc_v2.0.0,SC3Pv3,HV5Y3DSX3,gs://fc-secure-d4adbbf9-8265-4a5c-b14f-23a5f1b5c4f9/bcls/220803_SL-NSH_0973_BHV5Y3DSX3,400,200,20,1000,20000,,,,TRUE,Unclear
2022_07_18,FALSE,channel1,FF04677928,multiome,rna,nuclei,channel1,pbmc,*,SI-TT-C11,FINNGEN,FINNGEN,GRCh38-2020-A_arc_v2.0.0,SC3Pv3,HVG7JDSX3,gs://fc-secure-d4adbbf9-8265-4a5c-b14f-23a5f1b5c4f9/bcls/220803_SL-NSH_0972_AHVG7JDSX3,400,200,20,1000,20000,,,,TRUE,Unclear
2022_07_25,FALSE,channel1,FF04678062,multiome,atac,nuclei,channel1,pbmc,*,SI-NA-E1,FINNGEN,FINNGEN,GRCh38-2020-A_arc_v2.0.0,SC3Pv3,HV5Y3DSX3,gs://fc-secure-d4adbbf9-8265-4a5c-b14f-23a5f1b5c4f9/bcls/220803_SL-NSH_0973_BHV5Y3DSX3,400,200,20,1000,20000,,,,TRUE,
2022_07_25,FALSE,channel1,FF04678062,multiome,rna,nuclei,channel1,pbmc,*,SI-TT-E4,FINNGEN,FINNGEN,GRCh38-2020-A_arc_v2.0.0,SC3Pv3,HVG7JDSX3,gs://fc-secure-d4adbbf9-8265-4a5c-b14f-23a5f1b5c4f9/bcls/220803_SL-NSH_0972_AHVG7JDSX3,400,200,20,1000,20000,,,,TRUE,
2022_07_07,FALSE,channel1,FF04678071,multiome,atac,nuclei,channel1,pbmc,*,SI-NA-A6,FINNGEN,FINNGEN,GRCh38-2020-A_arc_v2.0.0,SC3Pv3,HC73JDMXY,gs://fc-secure-d4adbbf9-8265-4a5c-b14f-23a5f1b5c4f9/bcls/220715_SL-NVC_0970_BHC73JDMXY,400,200,20,1000,20000,,,,TRUE,"Unclear, Gaucher disease"
2022_07_07,FALSE,channel1,FF04678071,multiome,rna,nuclei,channel1,pbmc,*,SI-TT-A7,FINNGEN,FINNGEN,GRCh38-2020-A_arc_v2.0.0,SC3Pv3,HC77YDMXY,gs://fc-secure-d4adbbf9-8265-4a5c-b14f-23a5f1b5c4f9/bcls/220715_SL-NVC_0971_AHC77YDMXY,400,200,20,1000,20000,,,,TRUE,"Unclear, Gaucher disease"
2022_07_18,FALSE,channel1,FF04678121,multiome,atac,nuclei,channel1,pbmc,*,SI-NA-H10,FINNGEN,FINNGEN,GRCh38-2020-A_arc_v2.0.0,SC3Pv3,HV5Y3DSX3,gs://fc-secure-d4adbbf9-8265-4a5c-b14f-23a5f1b5c4f9/bcls/220803_SL-NSH_0973_BHV5Y3DSX3,400,200,20,1000,20000,,,,TRUE,Yes
2022_07_18,FALSE,channel1,FF04678121,multiome,rna,nuclei,channel1,pbmc,*,SI-TT-H10,FINNGEN,FINNGEN,GRCh38-2020-A_arc_v2.0.0,SC3Pv3,HVG7JDSX3,gs://fc-secure-d4adbbf9-8265-4a5c-b14f-23a5f1b5c4f9/bcls/220803_SL-NSH_0972_AHVG7JDSX3,400,200,20,1000,20000,,,,TRUE,Yes
2022_07_25,FALSE,channel1,FF04678124,multiome,atac,nuclei,channel1,pbmc,*,SI-NA-B1,FINNGEN,FINNGEN,GRCh38-2020-A_arc_v2.0.0,SC3Pv3,HV5Y3DSX3,gs://fc-secure-d4adbbf9-8265-4a5c-b14f-23a5f1b5c4f9/bcls/220803_SL-NSH_0973_BHV5Y3DSX3,400,200,20,1000,20000,,,,TRUE,Unclear
2022_07_25,FALSE,channel1,FF04678124,multiome,rna,nuclei,channel1,pbmc,*,SI-TT-B4,FINNGEN,FINNGEN,GRCh38-2020-A_arc_v2.0.0,SC3Pv3,HVG7JDSX3,gs://fc-secure-d4adbbf9-8265-4a5c-b14f-23a5f1b5c4f9/bcls/220803_SL-NSH_0972_AHVG7JDSX3,400,200,20,1000,20000,,,,TRUE,Unclear
2022_06_29,FALSE,channel1,FF04678214,multiome,atac,nuclei,channel1,pbmc,*,SI-NA-B4,FINNGEN,FINNGEN,GRCh38-2020-A_arc_v2.0.0,SC3Pv3,HC73JDMXY,gs://fc-secure-d4adbbf9-8265-4a5c-b14f-23a5f1b5c4f9/bcls/220715_SL-NVC_0970_BHC73JDMXY,400,200,20,1000,20000,,,,TRUE,Yes
2022_06_29,FALSE,channel1,FF04678214,multiome,rna,nuclei,channel1,pbmc,*,SI-TT-B5,FINNGEN,FINNGEN,GRCh38-2020-A_arc_v2.0.0,SC3Pv3,HC77YDMXY,gs://fc-secure-d4adbbf9-8265-4a5c-b14f-23a5f1b5c4f9/bcls/220715_SL-NVC_0971_AHC77YDMXY,400,200,20,1000,20000,,,,TRUE,Yes
2022_07_18,FALSE,channel1,FF04678248,multiome,atac,nuclei,channel1,pbmc,*,SI-NA-C10,FINNGEN,FINNGEN,GRCh38-2020-A_arc_v2.0.0,SC3Pv3,HV5Y3DSX3,gs://fc-secure-d4adbbf9-8265-4a5c-b14f-23a5f1b5c4f9/bcls/220803_SL-NSH_0973_BHV5Y3DSX3,400,200,20,1000,20000,,,,TRUE,"Unclear, Palmoplantar Keratoderma"
2022_07_18,FALSE,channel1,FF04678248,multiome,rna,nuclei,channel1,pbmc,*,SI-TT-C10,FINNGEN,FINNGEN,GRCh38-2020-A_arc_v2.0.0,SC3Pv3,HVG7JDSX3,gs://fc-secure-d4adbbf9-8265-4a5c-b14f-23a5f1b5c4f9/bcls/220803_SL-NSH_0972_AHVG7JDSX3,400,200,20,1000,20000,,,,TRUE,"Unclear, Palmoplantar Keratoderma"
2020_05_05,FALSE,channel1,FF04678253,multiome,rna,nuclei,channel1,pbmc,*,SI-TT-H6,FINNGEN,FINNGEN,GRCh38-2020-A_arc_v2.0.0,SC3Pv3,H3CLWDRX2,gs://fc-secure-d4adbbf9-8265-4a5c-b14f-23a5f1b5c4f9/bcls/220511_SL-NVL_0718_AH3CLWDRX2,400,200,20,1000,20000,,,,TRUE,Yes
2020_05_05,FALSE,channel1,FF04678253,multiome,atac,nuclei,channel1,pbmc,*,SI-NA-G9,FINNGEN,FINNGEN,GRCh38-2020-A_arc_v2.0.0,SC3Pv3,H7TCMDRX2,gs://fc-secure-d4adbbf9-8265-4a5c-b14f-23a5f1b5c4f9/bcls/220511_SL-NVL_0719_BH7TCMDRX2,400,200,20,1000,20000,,,,TRUE,Yes
2022_07_07,FALSE,channel1,FF04678303,multiome,atac,nuclei,channel1,pbmc,*,SI-NA-D6,FINNGEN,FINNGEN,GRCh38-2020-A_arc_v2.0.0,SC3Pv3,HV5Y3DSX3,gs://fc-secure-d4adbbf9-8265-4a5c-b14f-23a5f1b5c4f9/bcls/220803_SL-NSH_0973_BHV5Y3DSX3,400,200,20,1000,20000,,,,TRUE,Yes
2022_07_07,FALSE,channel1,FF04678303,multiome,rna,nuclei,channel1,pbmc,*,SI-TT-D7,FINNGEN,FINNGEN,GRCh38-2020-A_arc_v2.0.0,SC3Pv3,HVG7JDSX3,gs://fc-secure-d4adbbf9-8265-4a5c-b14f-23a5f1b5c4f9/bcls/220803_SL-NSH_0972_AHVG7JDSX3,400,200,20,1000,20000,,,,TRUE,Yes
2022_07_19,FALSE,channel1,FF04678305,multiome,atac,nuclei,channel1,pbmc,*,SI-NA-D11,FINNGEN,FINNGEN,GRCh38-2020-A_arc_v2.0.0,SC3Pv3,HV5Y3DSX3,gs://fc-secure-d4adbbf9-8265-4a5c-b14f-23a5f1b5c4f9/bcls/220803_SL-NSH_0973_BHV5Y3DSX3,400,200,20,1000,20000,,,,TRUE,"Unclear, Pyle disease"
2022_07_19,FALSE,channel1,FF04678305,multiome,rna,nuclei,channel1,pbmc,*,SI-TT-D11,FINNGEN,FINNGEN,GRCh38-2020-A_arc_v2.0.0,SC3Pv3,HVG7JDSX3,gs://fc-secure-d4adbbf9-8265-4a5c-b14f-23a5f1b5c4f9/bcls/220803_SL-NSH_0972_AHVG7JDSX3,400,200,20,1000,20000,,,,TRUE,"Unclear, Pyle disease"
2022_07_19,FALSE,channel1,FF04678359,multiome,atac,nuclei,channel1,pbmc,*,SI-NA-B11,FINNGEN,FINNGEN,GRCh38-2020-A_arc_v2.0.0,SC3Pv3,HV5Y3DSX3,gs://fc-secure-d4adbbf9-8265-4a5c-b14f-23a5f1b5c4f9/bcls/220803_SL-NSH_0973_BHV5Y3DSX3,400,200,20,1000,20000,,,,TRUE,
2022_07_19,FALSE,channel1,FF04678359,multiome,rna,nuclei,channel1,pbmc,*,SI-TT-B11,FINNGEN,FINNGEN,GRCh38-2020-A_arc_v2.0.0,SC3Pv3,HVG7JDSX3,gs://fc-secure-d4adbbf9-8265-4a5c-b14f-23a5f1b5c4f9/bcls/220803_SL-NSH_0972_AHVG7JDSX3,400,200,20,1000,20000,,,,TRUE,
2022_07_07,FALSE,channel1,FF04678430,multiome,atac,nuclei,channel1,pbmc,*,SI-NA-B6,FINNGEN,FINNGEN,GRCh38-2020-A_arc_v2.0.0,SC3Pv3,HC73JDMXY,gs://fc-secure-d4adbbf9-8265-4a5c-b14f-23a5f1b5c4f9/bcls/220715_SL-NVC_0970_BHC73JDMXY,400,200,20,1000,20000,,,,TRUE,Yes
2022_07_07,FALSE,channel1,FF04678430,multiome,rna,nuclei,channel1,pbmc,*,SI-TT-B7,FINNGEN,FINNGEN,GRCh38-2020-A_arc_v2.0.0,SC3Pv3,HC77YDMXY,gs://fc-secure-d4adbbf9-8265-4a5c-b14f-23a5f1b5c4f9/bcls/220715_SL-NVC_0971_AHC77YDMXY,400,200,20,1000,20000,,,,TRUE,Yes
2022_07_19,FALSE,channel1,FF04678437,multiome,atac,nuclei,channel1,pbmc,*,SI-NA-E11,FINNGEN,FINNGEN,GRCh38-2020-A_arc_v2.0.0,SC3Pv3,HV5Y3DSX3,gs://fc-secure-d4adbbf9-8265-4a5c-b14f-23a5f1b5c4f9/bcls/220803_SL-NSH_0973_BHV5Y3DSX3,400,200,20,1000,20000,,,,TRUE,Unclear
2022_07_19,FALSE,channel1,FF04678437,multiome,rna,nuclei,channel1,pbmc,*,SI-TT-E11,FINNGEN,FINNGEN,GRCh38-2020-A_arc_v2.0.0,SC3Pv3,HVG7JDSX3,gs://fc-secure-d4adbbf9-8265-4a5c-b14f-23a5f1b5c4f9/bcls/220803_SL-NSH_0972_AHVG7JDSX3,400,200,20,1000,20000,,,,TRUE,Unclear
2022_07_20,FALSE,channel1,FF04678447,multiome,atac,nuclei,channel1,pbmc,*,SI-NA-H12,FINNGEN,FINNGEN,GRCh38-2020-A_arc_v2.0.0,SC3Pv3,HV5Y3DSX3,gs://fc-secure-d4adbbf9-8265-4a5c-b14f-23a5f1b5c4f9/bcls/220803_SL-NSH_0973_BHV5Y3DSX3,400,200,20,1000,20000,,,,TRUE,Yes
2022_07_20,FALSE,channel1,FF04678447,multiome,rna,nuclei,channel1,pbmc,*,SI-TT-H12,FINNGEN,FINNGEN,GRCh38-2020-A_arc_v2.0.0,SC3Pv3,HVG7JDSX3,gs://fc-secure-d4adbbf9-8265-4a5c-b14f-23a5f1b5c4f9/bcls/220803_SL-NSH_0972_AHVG7JDSX3,400,200,20,1000,20000,,,,TRUE,Yes
2022_07_07,FALSE,channel1,FF04678513,multiome,atac,nuclei,channel1,pbmc,*,SI-NA-E6,FINNGEN,FINNGEN,GRCh38-2020-A_arc_v2.0.0,SC3Pv3,HC73JDMXY,gs://fc-secure-d4adbbf9-8265-4a5c-b14f-23a5f1b5c4f9/bcls/220715_SL-NVC_0970_BHC73JDMXY,400,200,20,1000,20000,,,,TRUE,"Unclear, Gaucher disease"
2022_07_07,FALSE,channel1,FF04678513,multiome,rna,nuclei,channel1,pbmc,*,SI-TT-E7,FINNGEN,FINNGEN,GRCh38-2020-A_arc_v2.0.0,SC3Pv3,HC77YDMXY,gs://fc-secure-d4adbbf9-8265-4a5c-b14f-23a5f1b5c4f9/bcls/220715_SL-NVC_0971_AHC77YDMXY,400,200,20,1000,20000,,,,TRUE,"Unclear, Gaucher disease"
2022_07_07,FALSE,channel1,FF04679204,multiome,atac,nuclei,channel1,pbmc,*,SI-NA-G6,FINNGEN,FINNGEN,GRCh38-2020-A_arc_v2.0.0,SC3Pv3,HC73JDMXY,gs://fc-secure-d4adbbf9-8265-4a5c-b14f-23a5f1b5c4f9/bcls/220715_SL-NVC_0970_BHC73JDMXY,400,200,20,1000,20000,,,,TRUE,Yes
2022_07_07,FALSE,channel1,FF04679204,multiome,rna,nuclei,channel1,pbmc,*,SI-TT-G7,FINNGEN,FINNGEN,GRCh38-2020-A_arc_v2.0.0,SC3Pv3,HC77YDMXY,gs://fc-secure-d4adbbf9-8265-4a5c-b14f-23a5f1b5c4f9/bcls/220715_SL-NVC_0971_AHC77YDMXY,400,200,20,1000,20000,,,,TRUE,Yes
2022_07_18,FALSE,channel1,FF04679225,multiome,atac,nuclei,channel1,pbmc,*,SI-NA-G10,FINNGEN,FINNGEN,GRCh38-2020-A_arc_v2.0.0,SC3Pv3,HV5Y3DSX3,gs://fc-secure-d4adbbf9-8265-4a5c-b14f-23a5f1b5c4f9/bcls/220803_SL-NSH_0973_BHV5Y3DSX3,400,200,20,1000,20000,,,,TRUE,"Unclear, Pyle disease"
2022_07_18,FALSE,channel1,FF04679225,multiome,rna,nuclei,channel1,pbmc,*,SI-TT-G10,FINNGEN,FINNGEN,GRCh38-2020-A_arc_v2.0.0,SC3Pv3,HVG7JDSX3,gs://fc-secure-d4adbbf9-8265-4a5c-b14f-23a5f1b5c4f9/bcls/220803_SL-NSH_0972_AHVG7JDSX3,400,200,20,1000,20000,,,,TRUE,"Unclear, Pyle disease"
2022_07_07,FALSE,channel1,FF04679300,multiome,atac,nuclei,channel1,pbmc,*,SI-NA-F6,FINNGEN,FINNGEN,GRCh38-2020-A_arc_v2.0.0,SC3Pv3,HC73JDMXY,gs://fc-secure-d4adbbf9-8265-4a5c-b14f-23a5f1b5c4f9/bcls/220715_SL-NVC_0970_BHC73JDMXY,400,200,20,1000,20000,,,,TRUE,Yes
2022_07_07,FALSE,channel1,FF04679300,multiome,rna,nuclei,channel1,pbmc,*,SI-TT-F7,FINNGEN,FINNGEN,GRCh38-2020-A_arc_v2.0.0,SC3Pv3,HC77YDMXY,gs://fc-secure-d4adbbf9-8265-4a5c-b14f-23a5f1b5c4f9/bcls/220715_SL-NVC_0971_AHC77YDMXY,400,200,20,1000,20000,,,,TRUE,Yes
2022_07_20,FALSE,channel1,FF04679318,multiome,atac,nuclei,channel1,pbmc,*,SI-NA-G12,FINNGEN,FINNGEN,GRCh38-2020-A_arc_v2.0.0,SC3Pv3,HV5Y3DSX3,gs://fc-secure-d4adbbf9-8265-4a5c-b14f-23a5f1b5c4f9/bcls/220803_SL-NSH_0973_BHV5Y3DSX3,400,200,20,1000,20000,,,,TRUE,Yes
2022_07_20,FALSE,channel1,FF04679318,multiome,rna,nuclei,channel1,pbmc,*,SI-TT-G12,FINNGEN,FINNGEN,GRCh38-2020-A_arc_v2.0.0,SC3Pv3,HVG7JDSX3,gs://fc-secure-d4adbbf9-8265-4a5c-b14f-23a5f1b5c4f9/bcls/220803_SL-NSH_0972_AHVG7JDSX3,400,200,20,1000,20000,,,,TRUE,Yes
2022_06_29,FALSE,channel1,FF04679331,multiome,atac,nuclei,channel1,pbmc,*,SI-NA-D4,FINNGEN,FINNGEN,GRCh38-2020-A_arc_v2.0.0,SC3Pv3,HC73JDMXY,gs://fc-secure-d4adbbf9-8265-4a5c-b14f-23a5f1b5c4f9/bcls/220715_SL-NVC_0970_BHC73JDMXY,400,200,20,1000,20000,,,,TRUE,"Unclear, Chopra-Amiel-Gordon syndrome"
2022_06_29,FALSE,channel1,FF04679331,multiome,rna,nuclei,channel1,pbmc,*,SI-TT-D5,FINNGEN,FINNGEN,GRCh38-2020-A_arc_v2.0.0,SC3Pv3,HC77YDMXY,gs://fc-secure-d4adbbf9-8265-4a5c-b14f-23a5f1b5c4f9/bcls/220715_SL-NVC_0971_AHC77YDMXY,400,200,20,1000,20000,,,,TRUE,"Unclear, Chopra-Amiel-Gordon syndrome"
2022_07_18,FALSE,channel1,FF04679336,multiome,atac,nuclei,channel1,pbmc,*,SI-NA-A10,FINNGEN,FINNGEN,GRCh38-2020-A_arc_v2.0.0,SC3Pv3,HV5Y3DSX3,gs://fc-secure-d4adbbf9-8265-4a5c-b14f-23a5f1b5c4f9/bcls/220803_SL-NSH_0973_BHV5Y3DSX3,400,200,20,1000,20000,,,,TRUE,"No, neuronal"
2022_07_18,FALSE,channel1,FF04679336,multiome,rna,nuclei,channel1,pbmc,*,SI-TT-A10,FINNGEN,FINNGEN,GRCh38-2020-A_arc_v2.0.0,SC3Pv3,HVG7JDSX3,gs://fc-secure-d4adbbf9-8265-4a5c-b14f-23a5f1b5c4f9/bcls/220803_SL-NSH_0972_AHVG7JDSX3,400,200,20,1000,20000,,,,TRUE,"No, neuronal"
2020_05_05,FALSE,channel1,FF04679349,multiome,rna,nuclei,channel1,pbmc,*,SI-TT-H5,FINNGEN,FINNGEN,GRCh38-2020-A_arc_v2.0.0,SC3Pv3,H3CLWDRX2,gs://fc-secure-d4adbbf9-8265-4a5c-b14f-23a5f1b5c4f9/bcls/220511_SL-NVL_0718_AH3CLWDRX2,400,200,20,1000,20000,,,,TRUE,Yes
2020_05_05,FALSE,channel1,FF04679349,multiome,atac,nuclei,channel1,pbmc,*,SI-NA-H9,FINNGEN,FINNGEN,GRCh38-2020-A_arc_v2.0.0,SC3Pv3,H7TCMDRX2,gs://fc-secure-d4adbbf9-8265-4a5c-b14f-23a5f1b5c4f9/bcls/220511_SL-NVL_0719_BH7TCMDRX2,400,200,20,1000,20000,,,,TRUE,Yes
2022_03_24,FALSE,channel1,FF04679370,multiome,rna,nuclei,channel1,pbmc,*,SI-TT-A11,FINNGEN,FINNGEN,GRCh38-2020-A_arc_v2.0.0,SC3Pv3,H3CNLDRX2,gs://fc-secure-d4adbbf9-8265-4a5c-b14f-23a5f1b5c4f9/bcls/220401_SL-NVN_0674_AH3CNLDRX2,400,200,20,1000,20000,,,,TRUE,Yes
2022_03_24,FALSE,channel1,FF04679370,multiome,atac,nuclei,channel1,pbmc,*,SI-NA-H10,FINNGEN,FINNGEN,GRCh38-2020-A_arc_v2.0.0,SC3Pv3,H3CNTDRX2,gs://fc-secure-d4adbbf9-8265-4a5c-b14f-23a5f1b5c4f9/bcls/220401_SL-NVN_0675_BH3CNTDRX2,400,200,20,1000,20000,,,,TRUE,Yes
2022_07_25,FALSE,channel1,FF04679432,multiome,atac,nuclei,channel1,pbmc,*,SI-NA-D1,FINNGEN,FINNGEN,GRCh38-2020-A_arc_v2.0.0,SC3Pv3,HV5Y3DSX3,gs://fc-secure-d4adbbf9-8265-4a5c-b14f-23a5f1b5c4f9/bcls/220803_SL-NSH_0973_BHV5Y3DSX3,400,200,20,1000,20000,,,,TRUE,"Unclear, Pyle disease"
2022_07_25,FALSE,channel1,FF04679432,multiome,rna,nuclei,channel1,pbmc,*,SI-TT-D4,FINNGEN,FINNGEN,GRCh38-2020-A_arc_v2.0.0,SC3Pv3,HVG7JDSX3,gs://fc-secure-d4adbbf9-8265-4a5c-b14f-23a5f1b5c4f9/bcls/220803_SL-NSH_0972_AHVG7JDSX3,400,200,20,1000,20000,,,,TRUE,"Unclear, Pyle disease"
2022_07_26,FALSE,channel1,FF04679453,multiome,atac,nuclei,channel1,pbmc,*,SI-NA-H3,FINNGEN,FINNGEN,GRCh38-2020-A_arc_v2.0.0,SC3Pv3,HCMVVDMXY,gs://fc-secure-d4adbbf9-8265-4a5c-b14f-23a5f1b5c4f9/bcls/220803_SL-NVP_0802_BHCMVVDMXY,400,200,20,1000,20000,,,,TRUE,Yes
2022_07_26,FALSE,channel1,FF04679453,multiome,rna,nuclei,channel1,pbmc,*,SI-TT-H5,FINNGEN,FINNGEN,GRCh38-2020-A_arc_v2.0.0,SC3Pv3,HCN3CDMXY,gs://fc-secure-d4adbbf9-8265-4a5c-b14f-23a5f1b5c4f9/bcls/220803_SL-NVP_0801_AHCN3CDMXY,400,200,20,1000,20000,,,,TRUE,Yes
2022_07_19,FALSE,channel1,FF04679617,multiome,atac,nuclei,channel1,pbmc,*,SI-NA-A11,FINNGEN,FINNGEN,GRCh38-2020-A_arc_v2.0.0,SC3Pv3,HV5Y3DSX3,gs://fc-secure-d4adbbf9-8265-4a5c-b14f-23a5f1b5c4f9/bcls/220803_SL-NSH_0973_BHV5Y3DSX3,400,200,20,1000,20000,,,,TRUE,
2022_07_19,FALSE,channel1,FF04679617,multiome,rna,nuclei,channel1,pbmc,*,SI-TT-A11,FINNGEN,FINNGEN,GRCh38-2020-A_arc_v2.0.0,SC3Pv3,HVG7JDSX3,gs://fc-secure-d4adbbf9-8265-4a5c-b14f-23a5f1b5c4f9/bcls/220803_SL-NSH_0972_AHVG7JDSX3,400,200,20,1000,20000,,,,TRUE,
2022_06_28,FALSE,channel1,FF04679694,multiome,atac,nuclei,channel1,pbmc,*,SI-NA-C3,FINNGEN,FINNGEN,GRCh38-2020-A_arc_v2.0.0,SC3Pv3,HC73JDMXY,gs://fc-secure-d4adbbf9-8265-4a5c-b14f-23a5f1b5c4f9/bcls/220715_SL-NVC_0970_BHC73JDMXY,400,200,20,1000,20000,,,,TRUE,Yes
2022_06_28,FALSE,channel1,FF04679694,multiome,rna,nuclei,channel1,pbmc,*,SI-TT-C4,FINNGEN,FINNGEN,GRCh38-2020-A_arc_v2.0.0,SC3Pv3,HC77YDMXY,gs://fc-secure-d4adbbf9-8265-4a5c-b14f-23a5f1b5c4f9/bcls/220715_SL-NVC_0971_AHC77YDMXY,400,200,20,1000,20000,,,,TRUE,Yes
2020_05_05,FALSE,channel1,FF05494381,multiome,rna,nuclei,channel1,pbmc,*,SI-TT-H7,FINNGEN,FINNGEN,GRCh38-2020-A_arc_v2.0.0,SC3Pv3,H3CLWDRX2,gs://fc-secure-d4adbbf9-8265-4a5c-b14f-23a5f1b5c4f9/bcls/220511_SL-NVL_0718_AH3CLWDRX2,400,200,20,1000,20000,,,,TRUE,Yes
2020_05_05,FALSE,channel1,FF05494381,multiome,atac,nuclei,channel1,pbmc,*,SI-NA-F9,FINNGEN,FINNGEN,GRCh38-2020-A_arc_v2.0.0,SC3Pv3,H7TCMDRX2,gs://fc-secure-d4adbbf9-8265-4a5c-b14f-23a5f1b5c4f9/bcls/220511_SL-NVL_0719_BH7TCMDRX2,400,200,20,1000,20000,,,,TRUE,Yes
2022_07_27,FALSE,channel1,FF05494483,multiome,atac,nuclei,channel1,pbmc,*,SI-NA-D2,FINNGEN,FINNGEN,GRCh38-2020-A_arc_v2.0.0,SC3Pv3,HCMVVDMXY,gs://fc-secure-d4adbbf9-8265-4a5c-b14f-23a5f1b5c4f9/bcls/220803_SL-NVP_0802_BHCMVVDMXY,400,200,20,1000,20000,,,,TRUE,"Unclear, Palmoplantar Keratoderma"
2022_07_27,FALSE,channel1,FF05494483,multiome,rna,nuclei,channel1,pbmc,*,SI-TT-D6,FINNGEN,FINNGEN,GRCh38-2020-A_arc_v2.0.0,SC3Pv3,HCN3CDMXY,gs://fc-secure-d4adbbf9-8265-4a5c-b14f-23a5f1b5c4f9/bcls/220803_SL-NVP_0801_AHCN3CDMXY,400,200,20,1000,20000,,,,TRUE,"Unclear, Palmoplantar Keratoderma"
2022_07_26,FALSE,channel1,FF05494484,multiome,atac,nuclei,channel1,pbmc,*,SI-NA-B3,FINNGEN,FINNGEN,GRCh38-2020-A_arc_v2.0.0,SC3Pv3,HCMVVDMXY,gs://fc-secure-d4adbbf9-8265-4a5c-b14f-23a5f1b5c4f9/bcls/220803_SL-NVP_0802_BHCMVVDMXY,400,200,20,1000,20000,,,,TRUE,"No, neuronal"
2022_07_26,FALSE,channel1,FF05494484,multiome,rna,nuclei,channel1,pbmc,*,SI-TT-B5,FINNGEN,FINNGEN,GRCh38-2020-A_arc_v2.0.0,SC3Pv3,HCN3CDMXY,gs://fc-secure-d4adbbf9-8265-4a5c-b14f-23a5f1b5c4f9/bcls/220803_SL-NVP_0801_AHCN3CDMXY,400,200,20,1000,20000,,,,TRUE,"No, neuronal"
2022_07_27,FALSE,channel1,FF05494565,multiome,atac,nuclei,channel1,pbmc,*,SI-NA-C2,FINNGEN,FINNGEN,GRCh38-2020-A_arc_v2.0.0,SC3Pv3,HCMVVDMXY,gs://fc-secure-d4adbbf9-8265-4a5c-b14f-23a5f1b5c4f9/bcls/220803_SL-NVP_0802_BHCMVVDMXY,400,200,20,1000,20000,,,,TRUE,Yes
2022_07_27,FALSE,channel1,FF05494565,multiome,rna,nuclei,channel1,pbmc,*,SI-TT-C6,FINNGEN,FINNGEN,GRCh38-2020-A_arc_v2.0.0,SC3Pv3,HCN3CDMXY,gs://fc-secure-d4adbbf9-8265-4a5c-b14f-23a5f1b5c4f9/bcls/220803_SL-NVP_0801_AHCN3CDMXY,400,200,20,1000,20000,,,,TRUE,Yes
2022_07_26,FALSE,channel1,FF05494567,multiome,atac,nuclei,channel1,pbmc,*,SI-NA-D3,FINNGEN,FINNGEN,GRCh38-2020-A_arc_v2.0.0,SC3Pv3,HCMVVDMXY,gs://fc-secure-d4adbbf9-8265-4a5c-b14f-23a5f1b5c4f9/bcls/220803_SL-NVP_0802_BHCMVVDMXY,400,200,20,1000,20000,,,,TRUE,Unclear
2022_07_26,FALSE,channel1,FF05494567,multiome,rna,nuclei,channel1,pbmc,*,SI-TT-D5,FINNGEN,FINNGEN,GRCh38-2020-A_arc_v2.0.0,SC3Pv3,HCN3CDMXY,gs://fc-secure-d4adbbf9-8265-4a5c-b14f-23a5f1b5c4f9/bcls/220803_SL-NVP_0801_AHCN3CDMXY,400,200,20,1000,20000,,,,TRUE,Unclear
2022_06_27,FALSE,channel1,FF05494579,multiome,rna,nuclei,channel1,pbmc,*,SI-TT-A3,FINNGEN,FINNGEN,GRCh38-2020-A_arc_v2.0.0,SC3Pv3,HG5HJDRX2,gs://fc-secure-d4adbbf9-8265-4a5c-b14f-23a5f1b5c4f9/bcls/220703_SL-NVL_0770_AHG5HJDRX2,400,200,20,1000,20000,,,,TRUE,"Unclear, Chopra-Amiel-Gordon syndrome"
2022_06_27,FALSE,channel1,FF05494579,multiome,atac,nuclei,channel1,pbmc,*,SI-NA-A2,FINNGEN,FINNGEN,GRCh38-2020-A_arc_v2.0.0,SC3Pv3,HG5HLDRX2,gs://fc-secure-d4adbbf9-8265-4a5c-b14f-23a5f1b5c4f9/bcls/220702_SL-NVR_0581_BHG5HLDRX2,400,200,20,1000,20000,,,,TRUE,"Unclear, Chopra-Amiel-Gordon syndrome"
2022_07_27,FALSE,channel1,FF05494640,multiome,atac,nuclei,channel1,pbmc,*,SI-NA-B2,FINNGEN,FINNGEN,GRCh38-2020-A_arc_v2.0.0,SC3Pv3,HCMVVDMXY,gs://fc-secure-d4adbbf9-8265-4a5c-b14f-23a5f1b5c4f9/bcls/220803_SL-NVP_0802_BHCMVVDMXY,400,200,20,1000,20000,,,,TRUE,"Unclear, oculocutaneous albinism"
2022_07_27,FALSE,channel1,FF05494640,multiome,rna,nuclei,channel1,pbmc,*,SI-TT-B6,FINNGEN,FINNGEN,GRCh38-2020-A_arc_v2.0.0,SC3Pv3,HCN3CDMXY,gs://fc-secure-d4adbbf9-8265-4a5c-b14f-23a5f1b5c4f9/bcls/220803_SL-NVP_0801_AHCN3CDMXY,400,200,20,1000,20000,,,,TRUE,"Unclear, oculocutaneous albinism"
2022_06_27,FALSE,channel1,FF05494762,multiome,rna,nuclei,channel1,pbmc,*,SI-TT-B3,FINNGEN,FINNGEN,GRCh38-2020-A_arc_v2.0.0,SC3Pv3,HG5HJDRX2,gs://fc-secure-d4adbbf9-8265-4a5c-b14f-23a5f1b5c4f9/bcls/220703_SL-NVL_0770_AHG5HJDRX2,400,200,20,1000,20000,,,,TRUE,"Unclear, Chopra-Amiel-Gordon syndrome"
2022_06_27,FALSE,channel1,FF05494762,multiome,atac,nuclei,channel1,pbmc,*,SI-NA-B2,FINNGEN,FINNGEN,GRCh38-2020-A_arc_v2.0.0,SC3Pv3,HG5HLDRX2,gs://fc-secure-d4adbbf9-8265-4a5c-b14f-23a5f1b5c4f9/bcls/220702_SL-NVR_0581_BHG5HLDRX2,400,200,20,1000,20000,,,,TRUE,"Unclear, Chopra-Amiel-Gordon syndrome"
2022_07_18,FALSE,channel1,FF05494827,multiome,atac,nuclei,channel1,pbmc,*,SI-NA-F10,FINNGEN,FINNGEN,GRCh38-2020-A_arc_v2.0.0,SC3Pv3,HV5Y3DSX3,gs://fc-secure-d4adbbf9-8265-4a5c-b14f-23a5f1b5c4f9/bcls/220803_SL-NSH_0973_BHV5Y3DSX3,400,200,20,1000,20000,,,,TRUE,Yes
2022_07_18,FALSE,channel1,FF05494827,multiome,rna,nuclei,channel1,pbmc,*,SI-TT-F10,FINNGEN,FINNGEN,GRCh38-2020-A_arc_v2.0.0,SC3Pv3,HVG7JDSX3,gs://fc-secure-d4adbbf9-8265-4a5c-b14f-23a5f1b5c4f9/bcls/220803_SL-NSH_0972_AHVG7JDSX3,400,200,20,1000,20000,,,,TRUE,Yes
2022_07_25,FALSE,channel1,FF06995962,multiome,atac,nuclei,channel1,pbmc,*,SI-NA-A1,FINNGEN,FINNGEN,GRCh38-2020-A_arc_v2.0.0,SC3Pv3,HV5Y3DSX3,gs://fc-secure-d4adbbf9-8265-4a5c-b14f-23a5f1b5c4f9/bcls/220803_SL-NSH_0973_BHV5Y3DSX3,400,200,20,1000,20000,,,,TRUE,Yes
2022_07_25,FALSE,channel1,FF06995962,multiome,rna,nuclei,channel1,pbmc,*,SI-TT-A4,FINNGEN,FINNGEN,GRCh38-2020-A_arc_v2.0.0,SC3Pv3,HVG7JDSX3,gs://fc-secure-d4adbbf9-8265-4a5c-b14f-23a5f1b5c4f9/bcls/220803_SL-NSH_0972_AHVG7JDSX3,400,200,20,1000,20000,,,,TRUE,Yes
2022_06_29,FALSE,channel1,FF06995989,multiome,atac,nuclei,channel1,pbmc,*,SI-NA-C4,FINNGEN,FINNGEN,GRCh38-2020-A_arc_v2.0.0,SC3Pv3,HC73JDMXY,gs://fc-secure-d4adbbf9-8265-4a5c-b14f-23a5f1b5c4f9/bcls/220715_SL-NVC_0970_BHC73JDMXY,400,200,20,1000,20000,,,,TRUE,Yes
2022_06_29,FALSE,channel1,FF06995989,multiome,rna,nuclei,channel1,pbmc,*,SI-TT-C5,FINNGEN,FINNGEN,GRCh38-2020-A_arc_v2.0.0,SC3Pv3,HC77YDMXY,gs://fc-secure-d4adbbf9-8265-4a5c-b14f-23a5f1b5c4f9/bcls/220715_SL-NVC_0971_AHC77YDMXY,400,200,20,1000,20000,,,,TRUE,Yes
2022_07_26,FALSE,channel1,FF06996053,multiome,atac,nuclei,channel1,pbmc,*,SI-NA-F3,FINNGEN,FINNGEN,GRCh38-2020-A_arc_v2.0.0,SC3Pv3,HCMVVDMXY,gs://fc-secure-d4adbbf9-8265-4a5c-b14f-23a5f1b5c4f9/bcls/220803_SL-NVP_0802_BHCMVVDMXY,400,200,20,1000,20000,,,,TRUE,
2022_07_26,FALSE,channel1,FF06996053,multiome,rna,nuclei,channel1,pbmc,*,SI-TT-F5,FINNGEN,FINNGEN,GRCh38-2020-A_arc_v2.0.0,SC3Pv3,HCN3CDMXY,gs://fc-secure-d4adbbf9-8265-4a5c-b14f-23a5f1b5c4f9/bcls/220803_SL-NVP_0801_AHCN3CDMXY,400,200,20,1000,20000,,,,TRUE,
2022_07_08,FALSE,channel1,FF06996158,multiome,atac,nuclei,channel1,pbmc,*,SI-NA-E1,FINNGEN,FINNGEN,GRCh38-2020-A_arc_v2.0.0,SC3Pv3,HC73JDMXY,gs://fc-secure-d4adbbf9-8265-4a5c-b14f-23a5f1b5c4f9/bcls/220715_SL-NVC_0970_BHC73JDMXY,400,200,20,1000,20000,,,,TRUE,"Unclear, Gaucher disease"
2022_07_08,FALSE,channel1,FF06996158,multiome,rna,nuclei,channel1,pbmc,*,SI-TT-F4,FINNGEN,FINNGEN,GRCh38-2020-A_arc_v2.0.0,SC3Pv3,HC77YDMXY,gs://fc-secure-d4adbbf9-8265-4a5c-b14f-23a5f1b5c4f9/bcls/220715_SL-NVC_0971_AHC77YDMXY,400,200,20,1000,20000,,,,TRUE,"Unclear, Gaucher disease"
2022_07_26,FALSE,channel1,FF06996167,multiome,atac,nuclei,channel1,pbmc,*,SI-NA-E3,FINNGEN,FINNGEN,GRCh38-2020-A_arc_v2.0.0,SC3Pv3,HCMVVDMXY,gs://fc-secure-d4adbbf9-8265-4a5c-b14f-23a5f1b5c4f9/bcls/220803_SL-NVP_0802_BHCMVVDMXY,400,200,20,1000,20000,,,,TRUE,"Unclear, Gaucher disease"
2022_07_26,FALSE,channel1,FF06996167,multiome,rna,nuclei,channel1,pbmc,*,SI-TT-E5,FINNGEN,FINNGEN,GRCh38-2020-A_arc_v2.0.0,SC3Pv3,HCN3CDMXY,gs://fc-secure-d4adbbf9-8265-4a5c-b14f-23a5f1b5c4f9/bcls/220803_SL-NVP_0801_AHCN3CDMXY,400,200,20,1000,20000,,,,TRUE,"Unclear, Gaucher disease"
2022_07_27,FALSE,channel1,FF06996188,multiome,atac,nuclei,channel1,pbmc,*,SI-NA-H2,FINNGEN,FINNGEN,GRCh38-2020-A_arc_v2.0.0,SC3Pv3,HCMVVDMXY,gs://fc-secure-d4adbbf9-8265-4a5c-b14f-23a5f1b5c4f9/bcls/220803_SL-NVP_0802_BHCMVVDMXY,400,200,20,1000,20000,,,,TRUE,Yes
2022_07_27,FALSE,channel1,FF06996188,multiome,rna,nuclei,channel1,pbmc,*,SI-TT-G6,FINNGEN,FINNGEN,GRCh38-2020-A_arc_v2.0.0,SC3Pv3,HCN3CDMXY,gs://fc-secure-d4adbbf9-8265-4a5c-b14f-23a5f1b5c4f9/bcls/220803_SL-NVP_0801_AHCN3CDMXY,400,200,20,1000,20000,,,,TRUE,Yes
2022_07_25,FALSE,channel1,FF06996447,multiome,atac,nuclei,channel1,pbmc,*,SI-NA-H1,FINNGEN,FINNGEN,GRCh38-2020-A_arc_v2.0.0,SC3Pv3,HV5Y3DSX3,gs://fc-secure-d4adbbf9-8265-4a5c-b14f-23a5f1b5c4f9/bcls/220803_SL-NSH_0973_BHV5Y3DSX3,400,200,20,1000,20000,,,,TRUE,Yes
2022_07_25,FALSE,channel1,FF06996447,multiome,rna,nuclei,channel1,pbmc,*,SI-TT-H4,FINNGEN,FINNGEN,GRCh38-2020-A_arc_v2.0.0,SC3Pv3,HVG7JDSX3,gs://fc-secure-d4adbbf9-8265-4a5c-b14f-23a5f1b5c4f9/bcls/220803_SL-NSH_0972_AHVG7JDSX3,400,200,20,1000,20000,,,,TRUE,Yes
2022_07_26,FALSE,channel1,FF06996546,multiome,atac,nuclei,channel1,pbmc,*,SI-NA-G3,FINNGEN,FINNGEN,GRCh38-2020-A_arc_v2.0.0,SC3Pv3,HCMVVDMXY,gs://fc-secure-d4adbbf9-8265-4a5c-b14f-23a5f1b5c4f9/bcls/220803_SL-NVP_0802_BHCMVVDMXY,400,200,20,1000,20000,,,,TRUE,"No, neuronal"
2022_07_26,FALSE,channel1,FF06996546,multiome,rna,nuclei,channel1,pbmc,*,SI-TT-G5,FINNGEN,FINNGEN,GRCh38-2020-A_arc_v2.0.0,SC3Pv3,HCN3CDMXY,gs://fc-secure-d4adbbf9-8265-4a5c-b14f-23a5f1b5c4f9/bcls/220803_SL-NVP_0801_AHCN3CDMXY,400,200,20,1000,20000,,,,TRUE,"No, neuronal"
2022_07_08,FALSE,channel1,FF06996606,multiome,atac,nuclei,channel1,pbmc,*,SI-NA-G1,FINNGEN,FINNGEN,GRCh38-2020-A_arc_v2.0.0,SC3Pv3,HC73JDMXY,gs://fc-secure-d4adbbf9-8265-4a5c-b14f-23a5f1b5c4f9/bcls/220715_SL-NVC_0970_BHC73JDMXY,400,200,20,1000,20000,,,,TRUE,Yes
2022_07_08,FALSE,channel1,FF06996606,multiome,rna,nuclei,channel1,pbmc,*,SI-TT-H4,FINNGEN,FINNGEN,GRCh38-2020-A_arc_v2.0.0,SC3Pv3,HC77YDMXY,gs://fc-secure-d4adbbf9-8265-4a5c-b14f-23a5f1b5c4f9/bcls/220715_SL-NVC_0971_AHC77YDMXY,400,200,20,1000,20000,,,,TRUE,Yes
2022_07_25,FALSE,channel1,FF06996650,multiome,atac,nuclei,channel1,pbmc,*,SI-NA-F1,FINNGEN,FINNGEN,GRCh38-2020-A_arc_v2.0.0,SC3Pv3,HV5Y3DSX3,gs://fc-secure-d4adbbf9-8265-4a5c-b14f-23a5f1b5c4f9/bcls/220803_SL-NSH_0973_BHV5Y3DSX3,400,200,20,1000,20000,,,,TRUE,Yes
2022_07_25,FALSE,channel1,FF06996650,multiome,rna,nuclei,channel1,pbmc,*,SI-TT-F4,FINNGEN,FINNGEN,GRCh38-2020-A_arc_v2.0.0,SC3Pv3,HVG7JDSX3,gs://fc-secure-d4adbbf9-8265-4a5c-b14f-23a5f1b5c4f9/bcls/220803_SL-NSH_0972_AHVG7JDSX3,400,200,20,1000,20000,,,,TRUE,Yes
2022_07_20,FALSE,channel1,FF06996751,multiome,atac,nuclei,channel1,pbmc,*,SI-NA-D12,FINNGEN,FINNGEN,GRCh38-2020-A_arc_v2.0.0,SC3Pv3,HV5Y3DSX3,gs://fc-secure-d4adbbf9-8265-4a5c-b14f-23a5f1b5c4f9/bcls/220803_SL-NSH_0973_BHV5Y3DSX3,400,200,20,1000,20000,,,,TRUE,Yes
2022_07_20,FALSE,channel1,FF06996751,multiome,rna,nuclei,channel1,pbmc,*,SI-TT-D12,FINNGEN,FINNGEN,GRCh38-2020-A_arc_v2.0.0,SC3Pv3,HVG7JDSX3,gs://fc-secure-d4adbbf9-8265-4a5c-b14f-23a5f1b5c4f9/bcls/220803_SL-NSH_0972_AHVG7JDSX3,400,200,20,1000,20000,,,,TRUE,Yes
2022_07_19,FALSE,channel1,FF06996897,multiome,atac,nuclei,channel1,pbmc,*,SI-NA-H11,FINNGEN,FINNGEN,GRCh38-2020-A_arc_v2.0.0,SC3Pv3,HV5Y3DSX3,gs://fc-secure-d4adbbf9-8265-4a5c-b14f-23a5f1b5c4f9/bcls/220803_SL-NSH_0973_BHV5Y3DSX3,400,200,20,1000,20000,,,,TRUE,Yes
2022_07_19,FALSE,channel1,FF06996897,multiome,rna,nuclei,channel1,pbmc,*,SI-TT-H11,FINNGEN,FINNGEN,GRCh38-2020-A_arc_v2.0.0,SC3Pv3,HVG7JDSX3,gs://fc-secure-d4adbbf9-8265-4a5c-b14f-23a5f1b5c4f9/bcls/220803_SL-NSH_0972_AHVG7JDSX3,400,200,20,1000,20000,,,,TRUE,Yes
2022_07_27,FALSE,channel1,FF06997070,multiome,atac,nuclei,channel1,pbmc,*,SI-NA-A2,FINNGEN,FINNGEN,GRCh38-2020-A_arc_v2.0.0,SC3Pv3,HCMVVDMXY,gs://fc-secure-d4adbbf9-8265-4a5c-b14f-23a5f1b5c4f9/bcls/220803_SL-NVP_0802_BHCMVVDMXY,400,200,20,1000,20000,,,,TRUE,Yes
2022_07_27,FALSE,channel1,FF06997070,multiome,rna,nuclei,channel1,pbmc,*,SI-TT-A6,FINNGEN,FINNGEN,GRCh38-2020-A_arc_v2.0.0,SC3Pv3,HCN3CDMXY,gs://fc-secure-d4adbbf9-8265-4a5c-b14f-23a5f1b5c4f9/bcls/220803_SL-NVP_0801_AHCN3CDMXY,400,200,20,1000,20000,,,,TRUE,Yes
2022_07_18,FALSE,channel1,FF06997173,multiome,atac,nuclei,channel1,pbmc,*,SI-NA-B10,FINNGEN,FINNGEN,GRCh38-2020-A_arc_v2.0.0,SC3Pv3,HV5Y3DSX3,gs://fc-secure-d4adbbf9-8265-4a5c-b14f-23a5f1b5c4f9/bcls/220803_SL-NSH_0973_BHV5Y3DSX3,400,200,20,1000,20000,,,,TRUE,Yes
2022_07_18,FALSE,channel1,FF06997173,multiome,rna,nuclei,channel1,pbmc,*,SI-TT-B10,FINNGEN,FINNGEN,GRCh38-2020-A_arc_v2.0.0,SC3Pv3,HVG7JDSX3,gs://fc-secure-d4adbbf9-8265-4a5c-b14f-23a5f1b5c4f9/bcls/220803_SL-NSH_0972_AHVG7JDSX3,400,200,20,1000,20000,,,,TRUE,Yes
2022_07_08,FALSE,channel1,FF06997178,multiome,atac,nuclei,channel1,pbmc,*,SI-NA-F1,FINNGEN,FINNGEN,GRCh38-2020-A_arc_v2.0.0,SC3Pv3,HC73JDMXY,gs://fc-secure-d4adbbf9-8265-4a5c-b14f-23a5f1b5c4f9/bcls/220715_SL-NVC_0970_BHC73JDMXY,400,200,20,1000,20000,,,,TRUE,"No, epithelial"
2022_07_08,FALSE,channel1,FF06997178,multiome,rna,nuclei,channel1,pbmc,*,SI-TT-G4,FINNGEN,FINNGEN,GRCh38-2020-A_arc_v2.0.0,SC3Pv3,HC77YDMXY,gs://fc-secure-d4adbbf9-8265-4a5c-b14f-23a5f1b5c4f9/bcls/220715_SL-NVC_0971_AHC77YDMXY,400,200,20,1000,20000,,,,TRUE,"No, epithelial"
2022_07_19,FALSE,channel1,FF06997418,multiome,atac,nuclei,channel1,pbmc,*,SI-NA-F11,FINNGEN,FINNGEN,GRCh38-2020-A_arc_v2.0.0,SC3Pv3,HV5Y3DSX3,gs://fc-secure-d4adbbf9-8265-4a5c-b14f-23a5f1b5c4f9/bcls/220803_SL-NSH_0973_BHV5Y3DSX3,400,200,20,1000,20000,,,,TRUE,Yes
2022_07_19,FALSE,channel1,FF06997418,multiome,rna,nuclei,channel1,pbmc,*,SI-TT-F11,FINNGEN,FINNGEN,GRCh38-2020-A_arc_v2.0.0,SC3Pv3,HVG7JDSX3,gs://fc-secure-d4adbbf9-8265-4a5c-b14f-23a5f1b5c4f9/bcls/220803_SL-NSH_0972_AHVG7JDSX3,400,200,20,1000,20000,,,,TRUE,Yes
2022_07_07,FALSE,channel1,FF06997429,multiome,atac,nuclei,channel1,pbmc,*,SI-NA-H6,FINNGEN,FINNGEN,GRCh38-2020-A_arc_v2.0.0,SC3Pv3,HC73JDMXY,gs://fc-secure-d4adbbf9-8265-4a5c-b14f-23a5f1b5c4f9/bcls/220715_SL-NVC_0970_BHC73JDMXY,400,200,20,1000,20000,,,,TRUE,Yes
2022_07_07,FALSE,channel1,FF06997429,multiome,rna,nuclei,channel1,pbmc,*,SI-TT-H7,FINNGEN,FINNGEN,GRCh38-2020-A_arc_v2.0.0,SC3Pv3,HC77YDMXY,gs://fc-secure-d4adbbf9-8265-4a5c-b14f-23a5f1b5c4f9/bcls/220715_SL-NVC_0971_AHC77YDMXY,400,200,20,1000,20000,,,,TRUE,Yes
2022_07_20,FALSE,channel1,FF06997472,multiome,atac,nuclei,channel1,pbmc,*,SI-NA-E12,FINNGEN,FINNGEN,GRCh38-2020-A_arc_v2.0.0,SC3Pv3,HV5Y3DSX3,gs://fc-secure-d4adbbf9-8265-4a5c-b14f-23a5f1b5c4f9/bcls/220803_SL-NSH_0973_BHV5Y3DSX3,400,200,20,1000,20000,,,,TRUE,"Unclear, Pyle disease"
2022_07_20,FALSE,channel1,FF06997472,multiome,rna,nuclei,channel1,pbmc,*,SI-TT-E12,FINNGEN,FINNGEN,GRCh38-2020-A_arc_v2.0.0,SC3Pv3,HVG7JDSX3,gs://fc-secure-d4adbbf9-8265-4a5c-b14f-23a5f1b5c4f9/bcls/220803_SL-NSH_0972_AHVG7JDSX3,400,200,20,1000,20000,,,,TRUE,"Unclear, Pyle disease"
2022_03_24,FALSE,channel1,FF06997485,multiome,rna,nuclei,channel1,pbmc,*,SI-TT-D11,FINNGEN,FINNGEN,GRCh38-2020-A_arc_v2.0.0,SC3Pv3,H3CNLDRX2,gs://fc-secure-d4adbbf9-8265-4a5c-b14f-23a5f1b5c4f9/bcls/220401_SL-NVN_0674_AH3CNLDRX2,400,200,20,1000,20000,,,,TRUE,Yes
2022_03_24,FALSE,channel1,FF06997485,multiome,atac,nuclei,channel1,pbmc,*,SI-NA-E10,FINNGEN,FINNGEN,GRCh38-2020-A_arc_v2.0.0,SC3Pv3,H3CNTDRX2,gs://fc-secure-d4adbbf9-8265-4a5c-b14f-23a5f1b5c4f9/bcls/220401_SL-NVN_0675_BH3CNTDRX2,400,200,20,1000,20000,,,,TRUE,Yes
2022_07_20,FALSE,channel1,FF06997503,multiome,atac,nuclei,channel1,pbmc,*,SI-NA-A12,FINNGEN,FINNGEN,GRCh38-2020-A_arc_v2.0.0,SC3Pv3,HV5Y3DSX3,gs://fc-secure-d4adbbf9-8265-4a5c-b14f-23a5f1b5c4f9/bcls/220803_SL-NSH_0973_BHV5Y3DSX3,400,200,20,1000,20000,,,,TRUE,Yes
2022_07_20,FALSE,channel1,FF06997503,multiome,rna,nuclei,channel1,pbmc,*,SI-TT-A12,FINNGEN,FINNGEN,GRCh38-2020-A_arc_v2.0.0,SC3Pv3,HVG7JDSX3,gs://fc-secure-d4adbbf9-8265-4a5c-b14f-23a5f1b5c4f9/bcls/220803_SL-NSH_0972_AHVG7JDSX3,400,200,20,1000,20000,,,,TRUE,Yes
2022_06_28,FALSE,channel1,FF06997531,multiome,atac,nuclei,channel1,pbmc,*,SI-NA-D3,FINNGEN,FINNGEN,GRCh38-2020-A_arc_v2.0.0,SC3Pv3,HC73JDMXY,gs://fc-secure-d4adbbf9-8265-4a5c-b14f-23a5f1b5c4f9/bcls/220715_SL-NVC_0970_BHC73JDMXY,400,200,20,1000,20000,,,,TRUE,Yes
2022_06_28,FALSE,channel1,FF06997531,multiome,rna,nuclei,channel1,pbmc,*,SI-TT-D4,FINNGEN,FINNGEN,GRCh38-2020-A_arc_v2.0.0,SC3Pv3,HC77YDMXY,gs://fc-secure-d4adbbf9-8265-4a5c-b14f-23a5f1b5c4f9/bcls/220715_SL-NVC_0971_AHC77YDMXY,400,200,20,1000,20000,,,,TRUE,Yes
2022_06_27,FALSE,channel1,FF06997632,multiome,rna,nuclei,channel1,pbmc,*,SI-TT-D3,FINNGEN,FINNGEN,GRCh38-2020-A_arc_v2.0.0,SC3Pv3,HG5HJDRX2,gs://fc-secure-d4adbbf9-8265-4a5c-b14f-23a5f1b5c4f9/bcls/220703_SL-NVL_0770_AHG5HJDRX2,400,200,20,1000,20000,,,,TRUE,"Unclear, Chopra-Amiel-Gordon syndrome"
2022_06_27,FALSE,channel1,FF06997632,multiome,atac,nuclei,channel1,pbmc,*,SI-NA-D2,FINNGEN,FINNGEN,GRCh38-2020-A_arc_v2.0.0,SC3Pv3,HG5HLDRX2,gs://fc-secure-d4adbbf9-8265-4a5c-b14f-23a5f1b5c4f9/bcls/220702_SL-NVR_0581_BHG5HLDRX2,400,200,20,1000,20000,,,,TRUE,"Unclear, Chopra-Amiel-Gordon syndrome"
2022_06_27,FALSE,channel2,FF06997632,multiome,atac,nuclei,channel2,pbmc,*,SI-NA-E2,FINNGEN,FINNGEN,GRCh38-2020-A_arc_v2.0.0,SC3Pv3,HV5Y3DSX3,gs://fc-secure-d4adbbf9-8265-4a5c-b14f-23a5f1b5c4f9/bcls/220803_SL-NSH_0973_BHV5Y3DSX3,400,200,20,1000,20000,,,,TRUE,"Unclear, Chopra-Amiel-Gordon syndrome"
2022_06_27,FALSE,channel2,FF06997632,multiome,rna,nuclei,channel2,pbmc,*,SI-TT-E3,FINNGEN,FINNGEN,GRCh38-2020-A_arc_v2.0.0,SC3Pv3,HVG7JDSX3,gs://fc-secure-d4adbbf9-8265-4a5c-b14f-23a5f1b5c4f9/bcls/220803_SL-NSH_0972_AHVG7JDSX3,400,200,20,1000,20000,,,,TRUE,"Unclear, Chopra-Amiel-Gordon syndrome"
2022_07_27,FALSE,channel1,FF06997637,multiome,atac,nuclei,channel1,pbmc,*,SI-NA-G2,FINNGEN,FINNGEN,GRCh38-2020-A_arc_v2.0.0,SC3Pv3,HCMVVDMXY,gs://fc-secure-d4adbbf9-8265-4a5c-b14f-23a5f1b5c4f9/bcls/220803_SL-NVP_0802_BHCMVVDMXY,400,200,20,1000,20000,,,,TRUE,"Unclear, Palmoplantar Keratoderma"
2022_07_27,FALSE,channel1,FF06997637,multiome,rna,nuclei,channel1,pbmc,*,SI-TT-F6,FINNGEN,FINNGEN,GRCh38-2020-A_arc_v2.0.0,SC3Pv3,HCN3CDMXY,gs://fc-secure-d4adbbf9-8265-4a5c-b14f-23a5f1b5c4f9/bcls/220803_SL-NVP_0801_AHCN3CDMXY,400,200,20,1000,20000,,,,TRUE,"Unclear, Palmoplantar Keratoderma"
2022_07_18,FALSE,channel1,FF06997658,multiome,atac,nuclei,channel1,pbmc,*,SI-NA-D10,FINNGEN,FINNGEN,GRCh38-2020-A_arc_v2.0.0,SC3Pv3,HV5Y3DSX3,gs://fc-secure-d4adbbf9-8265-4a5c-b14f-23a5f1b5c4f9/bcls/220803_SL-NSH_0973_BHV5Y3DSX3,400,200,20,1000,20000,,,,TRUE,"Unclear, Gaucher disease"
2022_07_18,FALSE,channel1,FF06997658,multiome,rna,nuclei,channel1,pbmc,*,SI-TT-D10,FINNGEN,FINNGEN,GRCh38-2020-A_arc_v2.0.0,SC3Pv3,HVG7JDSX3,gs://fc-secure-d4adbbf9-8265-4a5c-b14f-23a5f1b5c4f9/bcls/220803_SL-NSH_0972_AHVG7JDSX3,400,200,20,1000,20000,,,,TRUE,"Unclear, Gaucher disease"
2022_03_24,FALSE,channel1,FF06997667,multiome,rna,nuclei,channel1,pbmc,*,SI-TT-B11,FINNGEN,FINNGEN,GRCh38-2020-A_arc_v2.0.0,SC3Pv3,H3CNLDRX2,gs://fc-secure-d4adbbf9-8265-4a5c-b14f-23a5f1b5c4f9/bcls/220401_SL-NVN_0674_AH3CNLDRX2,400,200,20,1000,20000,,,,TRUE,Yes
2022_03_24,FALSE,channel1,FF06997667,multiome,atac,nuclei,channel1,pbmc,*,SI-NA-G10,FINNGEN,FINNGEN,GRCh38-2020-A_arc_v2.0.0,SC3Pv3,H3CNTDRX2,gs://fc-secure-d4adbbf9-8265-4a5c-b14f-23a5f1b5c4f9/bcls/220401_SL-NVN_0675_BH3CNTDRX2,400,200,20,1000,20000,,,,TRUE,Yes
2022_07_18,FALSE,channel1,FF06997698,multiome,atac,nuclei,channel1,pbmc,*,SI-NA-E10,FINNGEN,FINNGEN,GRCh38-2020-A_arc_v2.0.0,SC3Pv3,HV5Y3DSX3,gs://fc-secure-d4adbbf9-8265-4a5c-b14f-23a5f1b5c4f9/bcls/220803_SL-NSH_0973_BHV5Y3DSX3,400,200,20,1000,20000,,,,TRUE,Yes
2022_07_18,FALSE,channel1,FF06997698,multiome,rna,nuclei,channel1,pbmc,*,SI-TT-E10,FINNGEN,FINNGEN,GRCh38-2020-A_arc_v2.0.0,SC3Pv3,HVG7JDSX3,gs://fc-secure-d4adbbf9-8265-4a5c-b14f-23a5f1b5c4f9/bcls/220803_SL-NSH_0972_AHVG7JDSX3,400,200,20,1000,20000,,,,TRUE,Yes
2022_07_26,FALSE,channel1,FF06997861,multiome,atac,nuclei,channel1,pbmc,*,SI-NA-C3,FINNGEN,FINNGEN,GRCh38-2020-A_arc_v2.0.0,SC3Pv3,HCMVVDMXY,gs://fc-secure-d4adbbf9-8265-4a5c-b14f-23a5f1b5c4f9/bcls/220803_SL-NVP_0802_BHCMVVDMXY,400,200,20,1000,20000,,,,TRUE,Yes
2022_07_26,FALSE,channel1,FF06997861,multiome,rna,nuclei,channel1,pbmc,*,SI-TT-C5,FINNGEN,FINNGEN,GRCh38-2020-A_arc_v2.0.0,SC3Pv3,HCN3CDMXY,gs://fc-secure-d4adbbf9-8265-4a5c-b14f-23a5f1b5c4f9/bcls/220803_SL-NVP_0801_AHCN3CDMXY,400,200,20,1000,20000,,,,TRUE,Yes
2022_06_29,FALSE,channel1,FF06997959,multiome,atac,nuclei,channel1,pbmc,*,SI-NA-A4,FINNGEN,FINNGEN,GRCh38-2020-A_arc_v2.0.0,SC3Pv3,HC73JDMXY,gs://fc-secure-d4adbbf9-8265-4a5c-b14f-23a5f1b5c4f9/bcls/220715_SL-NVC_0970_BHC73JDMXY,400,200,20,1000,20000,,,,TRUE,Yes
2022_06_29,FALSE,channel1,FF06997959,multiome,rna,nuclei,channel1,pbmc,*,SI-TT-A5,FINNGEN,FINNGEN,GRCh38-2020-A_arc_v2.0.0,SC3Pv3,HC77YDMXY,gs://fc-secure-d4adbbf9-8265-4a5c-b14f-23a5f1b5c4f9/bcls/220715_SL-NVC_0971_AHC77YDMXY,400,200,20,1000,20000,,,,TRUE,Yes
2022_07_26,FALSE,channel1,FF06998008,multiome,atac,nuclei,channel1,pbmc,*,SI-NA-A3,FINNGEN,FINNGEN,GRCh38-2020-A_arc_v2.0.0,SC3Pv3,HCMVVDMXY,gs://fc-secure-d4adbbf9-8265-4a5c-b14f-23a5f1b5c4f9/bcls/220803_SL-NVP_0802_BHCMVVDMXY,400,200,20,1000,20000,,,,TRUE,Unclear
2022_07_26,FALSE,channel1,FF06998008,multiome,rna,nuclei,channel1,pbmc,*,SI-TT-A5,FINNGEN,FINNGEN,GRCh38-2020-A_arc_v2.0.0,SC3Pv3,HCN3CDMXY,gs://fc-secure-d4adbbf9-8265-4a5c-b14f-23a5f1b5c4f9/bcls/220803_SL-NVP_0801_AHCN3CDMXY,400,200,20,1000,20000,,,,TRUE,Unclear
2022_07_08,FALSE,channel1,FF06998050,multiome,atac,nuclei,channel1,pbmc,*,SI-NA-D1,FINNGEN,FINNGEN,GRCh38-2020-A_arc_v2.0.0,SC3Pv3,HC73JDMXY,gs://fc-secure-d4adbbf9-8265-4a5c-b14f-23a5f1b5c4f9/bcls/220715_SL-NVC_0970_BHC73JDMXY,400,200,20,1000,20000,,,,TRUE,"Unclear, Gaucher disease"
2022_07_08,FALSE,channel1,FF06998050,multiome,rna,nuclei,channel1,pbmc,*,SI-TT-E4,FINNGEN,FINNGEN,GRCh38-2020-A_arc_v2.0.0,SC3Pv3,HC77YDMXY,gs://fc-secure-d4adbbf9-8265-4a5c-b14f-23a5f1b5c4f9/bcls/220715_SL-NVC_0971_AHC77YDMXY,400,200,20,1000,20000,,,,TRUE,"Unclear, Gaucher disease"
2022_07_27,FALSE,channel1,FF06998186,multiome,atac,nuclei,channel1,pbmc,*,SI-NA-F2,FINNGEN,FINNGEN,GRCh38-2020-A_arc_v2.0.0,SC3Pv3,HCMVVDMXY,gs://fc-secure-d4adbbf9-8265-4a5c-b14f-23a5f1b5c4f9/bcls/220803_SL-NVP_0802_BHCMVVDMXY,400,200,20,1000,20000,,,,TRUE,"No, neuronal"
2022_07_27,FALSE,channel1,FF06998186,multiome,rna,nuclei,channel1,pbmc,*,SI-TT-E6,FINNGEN,FINNGEN,GRCh38-2020-A_arc_v2.0.0,SC3Pv3,HCN3CDMXY,gs://fc-secure-d4adbbf9-8265-4a5c-b14f-23a5f1b5c4f9/bcls/220803_SL-NVP_0801_AHCN3CDMXY,400,200,20,1000,20000,,,,TRUE,"No, neuronal"
2022_06_27,FALSE,channel1,FF06998280,multiome,rna,nuclei,channel1,pbmc,*,SI-TT-C3,FINNGEN,FINNGEN,GRCh38-2020-A_arc_v2.0.0,SC3Pv3,HG5HJDRX2,gs://fc-secure-d4adbbf9-8265-4a5c-b14f-23a5f1b5c4f9/bcls/220703_SL-NVL_0770_AHG5HJDRX2,400,200,20,1000,20000,,,,TRUE,Yes
2022_06_27,FALSE,channel1,FF06998280,multiome,atac,nuclei,channel1,pbmc,*,SI-NA-C2,FINNGEN,FINNGEN,GRCh38-2020-A_arc_v2.0.0,SC3Pv3,HG5HLDRX2,gs://fc-secure-d4adbbf9-8265-4a5c-b14f-23a5f1b5c4f9/bcls/220702_SL-NVR_0581_BHG5HLDRX2,400,200,20,1000,20000,,,,TRUE,Yes
2020_05_05,FALSE,channel1,FF06998314,multiome,rna,nuclei,channel1,pbmc,*,SI-TT-H8,FINNGEN,FINNGEN,GRCh38-2020-A_arc_v2.0.0,SC3Pv3,H3CLWDRX2,gs://fc-secure-d4adbbf9-8265-4a5c-b14f-23a5f1b5c4f9/bcls/220511_SL-NVL_0718_AH3CLWDRX2,400,200,20,1000,20000,,,,TRUE,Yes
2020_05_05,FALSE,channel1,FF06998314,multiome,atac,nuclei,channel1,pbmc,*,SI-NA-E9,FINNGEN,FINNGEN,GRCh38-2020-A_arc_v2.0.0,SC3Pv3,H7TCMDRX2,gs://fc-secure-d4adbbf9-8265-4a5c-b14f-23a5f1b5c4f9/bcls/220511_SL-NVL_0719_BH7TCMDRX2,400,200,20,1000,20000,,,,TRUE,Yes
2023_01_20,TRUE,channel1,FF05494449,multiome,rna,nuclei,channel1,pbmc,*,SI-TT-A1,FINNGEN,FINNGEN,GRCh38-2020-A_arc_v2.0.0,SC3Pv3,AAANGLFHV,gs://fc-secure-d4adbbf9-8265-4a5c-b14f-23a5f1b5c4f9/bcls/230120_SL-NTA_20_AAANGLFHV,400,200,20,1000,20000,,,,TRUE,
2023_01_22,TRUE,channel1,FF05494449,multiome,atac,nuclei,channel1,pbmc,*,SI-NA-A1,FINNGEN,FINNGEN,GRCh38-2020-A_arc_v2.0.0,SC3Pv3,AAAVYKTHV,gs://fc-secure-d4adbbf9-8265-4a5c-b14f-23a5f1b5c4f9/bcls/230122_SL-NTA_21_AAAVYKTHV,400,200,20,1000,20000,,,,TRUE,
2023_01_20,TRUE,channel1,FF05494554,multiome,rna,nuclei,channel1,pbmc,*,SI-TT-E1,FINNGEN,FINNGEN,GRCh38-2020-A_arc_v2.0.0,SC3Pv3,AAANGLFHV,gs://fc-secure-d4adbbf9-8265-4a5c-b14f-23a5f1b5c4f9/bcls/230120_SL-NTA_20_AAANGLFHV,400,200,20,1000,20000,,,,TRUE,
2023_01_22,TRUE,channel1,FF05494554,multiome,atac,nuclei,channel1,pbmc,*,SI-NA-E1,FINNGEN,FINNGEN,GRCh38-2020-A_arc_v2.0.0,SC3Pv3,AAAVYKTHV,gs://fc-secure-d4adbbf9-8265-4a5c-b14f-23a5f1b5c4f9/bcls/230122_SL-NTA_21_AAAVYKTHV,400,200,20,1000,20000,,,,TRUE,
2023_01_20,TRUE,channel1,FF05494555,multiome,rna,nuclei,channel1,pbmc,*,SI-TT-F1,FINNGEN,FINNGEN,GRCh38-2020-A_arc_v2.0.0,SC3Pv3,AAANGLFHV,gs://fc-secure-d4adbbf9-8265-4a5c-b14f-23a5f1b5c4f9/bcls/230120_SL-NTA_20_AAANGLFHV,400,200,20,1000,20000,,,,TRUE,
2023_01_22,TRUE,channel1,FF05494555,multiome,atac,nuclei,channel1,pbmc,*,SI-NA-F1,FINNGEN,FINNGEN,GRCh38-2020-A_arc_v2.0.0,SC3Pv3,AAAVYKTHV,gs://fc-secure-d4adbbf9-8265-4a5c-b14f-23a5f1b5c4f9/bcls/230122_SL-NTA_21_AAAVYKTHV,400,200,20,1000,20000,,,,TRUE,
2023_01_20,TRUE,channel1,FF05494624,multiome,rna,nuclei,channel1,pbmc,*,SI-TT-G1,FINNGEN,FINNGEN,GRCh38-2020-A_arc_v2.0.0,SC3Pv3,AAANGLFHV,gs://fc-secure-d4adbbf9-8265-4a5c-b14f-23a5f1b5c4f9/bcls/230120_SL-NTA_20_AAANGLFHV,400,200,20,1000,20000,,,,TRUE,
2023_01_22,TRUE,channel1,FF05494624,multiome,atac,nuclei,channel1,pbmc,*,SI-NA-G1,FINNGEN,FINNGEN,GRCh38-2020-A_arc_v2.0.0,SC3Pv3,AAAVYKTHV,gs://fc-secure-d4adbbf9-8265-4a5c-b14f-23a5f1b5c4f9/bcls/230122_SL-NTA_21_AAAVYKTHV,400,200,20,1000,20000,,,,TRUE,
2023_01_20,TRUE,channel1,FF05494733,multiome,rna,nuclei,channel1,pbmc,*,SI-TT-C1,FINNGEN,FINNGEN,GRCh38-2020-A_arc_v2.0.0,SC3Pv3,AAANGLFHV,gs://fc-secure-d4adbbf9-8265-4a5c-b14f-23a5f1b5c4f9/bcls/230120_SL-NTA_20_AAANGLFHV,400,200,20,1000,20000,,,,TRUE,
2023_01_22,TRUE,channel1,FF05494733,multiome,atac,nuclei,channel1,pbmc,*,SI-NA-C1,FINNGEN,FINNGEN,GRCh38-2020-A_arc_v2.0.0,SC3Pv3,AAAVYKTHV,gs://fc-secure-d4adbbf9-8265-4a5c-b14f-23a5f1b5c4f9/bcls/230122_SL-NTA_21_AAAVYKTHV,400,200,20,1000,20000,,,,TRUE,
2023_01_20,TRUE,channel1,FF06996406,multiome,rna,nuclei,channel1,pbmc,*,SI-TT-B2,FINNGEN,FINNGEN,GRCh38-2020-A_arc_v2.0.0,SC3Pv3,AAANGLFHV,gs://fc-secure-d4adbbf9-8265-4a5c-b14f-23a5f1b5c4f9/bcls/230120_SL-NTA_20_AAANGLFHV,400,200,20,1000,20000,,,,TRUE,
2023_01_22,TRUE,channel1,FF06996406,multiome,atac,nuclei,channel1,pbmc,*,SI-NA-B2,FINNGEN,FINNGEN,GRCh38-2020-A_arc_v2.0.0,SC3Pv3,AAAVYKTHV,gs://fc-secure-d4adbbf9-8265-4a5c-b14f-23a5f1b5c4f9/bcls/230122_SL-NTA_21_AAAVYKTHV,400,200,20,1000,20000,,,,TRUE,
2023_01_20,TRUE,channel1,FF06996409,multiome,rna,nuclei,channel1,pbmc,*,SI-TT-A2,FINNGEN,FINNGEN,GRCh38-2020-A_arc_v2.0.0,SC3Pv3,AAANGLFHV,gs://fc-secure-d4adbbf9-8265-4a5c-b14f-23a5f1b5c4f9/bcls/230120_SL-NTA_20_AAANGLFHV,400,200,20,1000,20000,,,,TRUE,
2023_01_22,TRUE,channel1,FF06996409,multiome,atac,nuclei,channel1,pbmc,*,SI-NA-A2,FINNGEN,FINNGEN,GRCh38-2020-A_arc_v2.0.0,SC3Pv3,AAAVYKTHV,gs://fc-secure-d4adbbf9-8265-4a5c-b14f-23a5f1b5c4f9/bcls/230122_SL-NTA_21_AAAVYKTHV,400,200,20,1000,20000,,,,TRUE,
2023_01_20,TRUE,channel1,FF06996927,multiome,rna,nuclei,channel1,pbmc,*,SI-TT-H1,FINNGEN,FINNGEN,GRCh38-2020-A_arc_v2.0.0,SC3Pv3,AAANGLFHV,gs://fc-secure-d4adbbf9-8265-4a5c-b14f-23a5f1b5c4f9/bcls/230120_SL-NTA_20_AAANGLFHV,400,200,20,1000,20000,,,,TRUE,
2023_01_22,TRUE,channel1,FF06996927,multiome,atac,nuclei,channel1,pbmc,*,SI-NA-H1,FINNGEN,FINNGEN,GRCh38-2020-A_arc_v2.0.0,SC3Pv3,AAAVYKTHV,gs://fc-secure-d4adbbf9-8265-4a5c-b14f-23a5f1b5c4f9/bcls/230122_SL-NTA_21_AAAVYKTHV,400,200,20,1000,20000,,,,TRUE,