date,run_pipeline,Channel Name,sampleid,method,sub_method,condition,replicate,tissue,Lane,Index,project,project_orig,reference,chemistry,flowcell,seq_dir,min_umis,min_genes,percent_mito,cellbender_expected_cells,cellbender_total_droplets_included,focus,append,calc_signature_scores,introns,batch,mkfastq
2022_05_24,TRUE,channel1,FF03154750_FF03154855_FF04679450_FF06997638,rna,rna,nuclei,channel1,pbmc,*,SI-TT-G7,FINNGEN,FINNGEN,GRCh38-2020-A,ARC-v1,H3VFYDRX2,gs://fc-secure-d4adbbf9-8265-4a5c-b14f-23a5f1b5c4f9/bcls/220602_SL-NSA_0375_AH3VFYDRX2,400,200,20,1000,5000,,,,TRUE,batch1,
2020_05_05,TRUE,channel1,FF04679349,rna,rna,nuclei,channel1,pbmc,*,SI-TT-H5,FINNGEN,FINNGEN,GRCh38-2020-A,ARC-v1,H3CLWDRX2,gs://fc-secure-d4adbbf9-8265-4a5c-b14f-23a5f1b5c4f9/bcls/220511_SL-NVL_0718_AH3CLWDRX2,400,200,20,1000,20000,,,,TRUE,batch1,
2022_06_27,TRUE,channel1,FF06997632,rna,rna,nuclei,channel1,pbmc,*,SI-TT-D3,FINNGEN,FINNGEN,GRCh38-2020-A,ARC-v1,HG5HJDRX2,gs://fc-secure-d4adbbf9-8265-4a5c-b14f-23a5f1b5c4f9/bcls/220703_SL-NVL_0770_AHG5HJDRX2,400,200,20,500,5000,,,,TRUE,batch1,
2023_02_26,TRUE,channel1,FF03154986,rna,rna,nuclei,channel1,pbmc,*,SI-TT-G10,FINNGEN,FINNGEN,GRCh38-2020-A,ARC-v1,HCMJGDSX5,gs://fc-secure-d4adbbf9-8265-4a5c-b14f-23a5f1b5c4f9/bcls/230226_SL-NSE_0596_BHCMJGDSX5,400,200,20,500,5000,,,,TRUE,batch2,
2023_02_26,TRUE,channel1,FF04678035,rna,rna,nuclei,channel1,pbmc,*,SI-TT-C6,FINNGEN,FINNGEN,GRCh38-2020-A,ARC-v1,HCMC3DSX5,gs://fc-secure-d4adbbf9-8265-4a5c-b14f-23a5f1b5c4f9/bcls/230226_SL-NSE_0597_AHCMC3DSX5,400,200,20,500,6000,,,,TRUE,batch2,
2023_02_26,TRUE,channel1,FF04678051,rna,rna,nuclei,channel1,pbmc,*,SI-TT-B6,FINNGEN,FINNGEN,GRCh38-2020-A,ARC-v1,HCMC3DSX5,gs://fc-secure-d4adbbf9-8265-4a5c-b14f-23a5f1b5c4f9/bcls/230226_SL-NSE_0597_AHCMC3DSX5,400,200,20,500,6000,,,,TRUE,batch2,
2023_02_26,TRUE,channel1,FF04678216,rna,rna,nuclei,channel1,pbmc,*,SI-TT-F10,FINNGEN,FINNGEN,GRCh38-2020-A,ARC-v1,HCMJGDSX5,gs://fc-secure-d4adbbf9-8265-4a5c-b14f-23a5f1b5c4f9/bcls/230226_SL-NSE_0596_BHCMJGDSX5,400,200,20,500,5000,,,,TRUE,batch2,
2023_02_26,TRUE,channel1,FF04679232,rna,rna,nuclei,channel1,pbmc,*,SI-TT-F3,FINNGEN,FINNGEN,GRCh38-2020-A,ARC-v1,HCMJGDSX5,gs://fc-secure-d4adbbf9-8265-4a5c-b14f-23a5f1b5c4f9/bcls/230226_SL-NSE_0596_BHCMJGDSX5,400,200,20,1000,5000,,,,TRUE,batch2,
2023_02_26,TRUE,channel1,FF06996123,rna,rna,nuclei,channel1,pbmc,*,SI-TT-H6,FINNGEN,FINNGEN,GRCh38-2020-A,ARC-v1,HCMJGDSX5,gs://fc-secure-d4adbbf9-8265-4a5c-b14f-23a5f1b5c4f9/bcls/230226_SL-NSE_0596_BHCMJGDSX5,400,200,20,1000,7000,,,,TRUE,batch2,
2023_02_26,TRUE,channel1,FF06996138,rna,rna,nuclei,channel1,pbmc,*,SI-TT-E3,FINNGEN,FINNGEN,GRCh38-2020-A,ARC-v1,HCMC3DSX5,gs://fc-secure-d4adbbf9-8265-4a5c-b14f-23a5f1b5c4f9/bcls/230226_SL-NSE_0597_AHCMC3DSX5,400,200,20,500,5000,,,,TRUE,batch2,
2023_01_20,TRUE,channel1,FF06996406,rna,rna,nuclei,channel1,pbmc,*,SI-TT-B2,FINNGEN,FINNGEN,GRCh38-2020-A,ARC-v1,AAANGLFHV,gs://fc-secure-d4adbbf9-8265-4a5c-b14f-23a5f1b5c4f9/bcls/230120_SL-NTA_20_AAANGLFHV,400,200,20,500,15000,,,,TRUE,batch2,bcl_convert
2023_01_20,TRUE,channel1,FF06996409,rna,rna,nuclei,channel1,pbmc,*,SI-TT-A2,FINNGEN,FINNGEN,GRCh38-2020-A,ARC-v1,AAANGLFHV,gs://fc-secure-d4adbbf9-8265-4a5c-b14f-23a5f1b5c4f9/bcls/230120_SL-NTA_20_AAANGLFHV,400,200,20,1000,20000,,,,TRUE,batch2,bcl_convert
2023_02_26,TRUE,channel1,FF06997351,rna,rna,nuclei,channel1,pbmc,*,SI-TT-C5,FINNGEN,FINNGEN,GRCh38-2020-A,ARC-v1,HCMC3DSX5,gs://fc-secure-d4adbbf9-8265-4a5c-b14f-23a5f1b5c4f9/bcls/230226_SL-NSE_0597_AHCMC3DSX5,400,200,20,1000,8000,,,,TRUE,batch2,
2023_02_26,TRUE,channel1,FF06997884,rna,rna,nuclei,channel1,pbmc,*,SI-TT-A5,FINNGEN,FINNGEN,GRCh38-2020-A,ARC-v1,HCMC3DSX5,gs://fc-secure-d4adbbf9-8265-4a5c-b14f-23a5f1b5c4f9/bcls/230226_SL-NSE_0597_AHCMC3DSX5,400,200,20,500,7000,,,,TRUE,batch2,
2023_02_26,TRUE,channel1,FF06997958,rna,rna,nuclei,channel1,pbmc,*,SI-TT-G5,FINNGEN,FINNGEN,GRCh38-2020-A,ARC-v1,HCMC3DSX5,gs://fc-secure-d4adbbf9-8265-4a5c-b14f-23a5f1b5c4f9/bcls/230226_SL-NSE_0597_AHCMC3DSX5,400,200,20,1000,10000,,,,TRUE,batch2,
2023_02_26,TRUE,channel1,FF06998074,rna,rna,nuclei,channel1,pbmc,*,SI-TT-A6,FINNGEN,FINNGEN,GRCh38-2020-A,ARC-v1,HCMC3DSX5,gs://fc-secure-d4adbbf9-8265-4a5c-b14f-23a5f1b5c4f9/bcls/230226_SL-NSE_0597_AHCMC3DSX5,400,200,20,500,6000,,,,TRUE,batch2,
2023_02_26,TRUE,channel1,FF06998107,rna,rna,nuclei,channel1,pbmc,*,SI-TT-H4,FINNGEN,FINNGEN,GRCh38-2020-A,ARC-v1,HCMC3DSX5,gs://fc-secure-d4adbbf9-8265-4a5c-b14f-23a5f1b5c4f9/bcls/230226_SL-NSE_0597_AHCMC3DSX5,400,200,20,2000,15000,,,,TRUE,batch2,
2023_02_26,TRUE,channel1,FF06998305,rna,rna,nuclei,channel1,pbmc,*,SI-TT-B5,FINNGEN,FINNGEN,GRCh38-2020-A,ARC-v1,HCMC3DSX5,gs://fc-secure-d4adbbf9-8265-4a5c-b14f-23a5f1b5c4f9/bcls/230226_SL-NSE_0597_AHCMC3DSX5,400,200,20,2000,15000,,,,TRUE,batch2,
2023_02_03,TRUE,channel1,FF08068232,rna,rna,nuclei,channel1,pbmc,*,SI-TT-E10,FINNGEN,FINNGEN,GRCh38-2020-A,ARC-v1,H7KTTDSX5,gs://fc-secure-d4adbbf9-8265-4a5c-b14f-23a5f1b5c4f9/bcls/230203_SL-NSH_1070_AH7KTTDSX5,400,200,20,1000,50000,,,,TRUE,batch2,
2023_02_03,TRUE,channel1,FF08068337,rna,rna,nuclei,channel1,pbmc,*,SI-TT-G10,FINNGEN,FINNGEN,GRCh38-2020-A,ARC-v1,H7KTTDSX5,gs://fc-secure-d4adbbf9-8265-4a5c-b14f-23a5f1b5c4f9/bcls/230203_SL-NSH_1070_AH7KTTDSX5,400,200,20,500,10000,,,,TRUE,batch2,
2023_02_26,TRUE,channel1,FF09147278,rna,rna,nuclei,channel1,pbmc,*,SI-TT-E5,FINNGEN,FINNGEN,GRCh38-2020-A,ARC-v1,HCMC3DSX5,gs://fc-secure-d4adbbf9-8265-4a5c-b14f-23a5f1b5c4f9/bcls/230226_SL-NSE_0597_AHCMC3DSX5,400,200,20,500,10000,,,,TRUE,batch2,
2023_02_26,TRUE,channel1,FF09153003,rna,rna,nuclei,channel1,pbmc,*,SI-TT-F6,FINNGEN,FINNGEN,GRCh38-2020-A,ARC-v1,HCMC3DSX5,gs://fc-secure-d4adbbf9-8265-4a5c-b14f-23a5f1b5c4f9/bcls/230226_SL-NSE_0597_AHCMC3DSX5,400,200,20,500,6000,,,,TRUE,batch2,
2023_02_03,TRUE,channel1,FF09459503,rna,rna,nuclei,channel1,pbmc,*,SI-TT-D4,FINNGEN,FINNGEN,GRCh38-2020-A,ARC-v1,H7KTTDSX5,gs://fc-secure-d4adbbf9-8265-4a5c-b14f-23a5f1b5c4f9/bcls/230203_SL-NSH_1070_AH7KTTDSX5,400,200,20,1000,20000,,,,TRUE,batch2,
2023_02_03,TRUE,channel1,FF09459817,rna,rna,nuclei,channel1,pbmc,*,SI-TT-C4,FINNGEN,FINNGEN,GRCh38-2020-A,ARC-v1,H7KTTDSX5,gs://fc-secure-d4adbbf9-8265-4a5c-b14f-23a5f1b5c4f9/bcls/230203_SL-NSH_1070_AH7KTTDSX5,400,200,20,1000,25000,,,,TRUE,batch2,
2023_03_20,TRUE,channel1,FF04677882,rna,rna,nuclei,channel1,pbmc,*,SI-TT-E5,FINNGEN,FINNGEN,GRCh38-2020-A,ARC-v1,HKC7VDSX5,gs://fc-secure-d4adbbf9-8265-4a5c-b14f-23a5f1b5c4f9/bcls/230318_SL-NSE_0610_BHKC7VDSX5,400,200,20,1000,10000,,,,TRUE,batch3,
2023_03_20,TRUE,channel1,FF04677894,rna,rna,nuclei,channel1,pbmc,*,SI-TT-A5,FINNGEN,FINNGEN,GRCh38-2020-A,ARC-v1,HKC7VDSX5,gs://fc-secure-d4adbbf9-8265-4a5c-b14f-23a5f1b5c4f9/bcls/230318_SL-NSE_0610_BHKC7VDSX5,400,200,20,2000,20000,,,,TRUE,batch3,
2023_03_20,TRUE,channel1,FF04677910,rna,rna,nuclei,channel1,pbmc,*,SI-TT-A4,FINNGEN,FINNGEN,GRCh38-2020-A,ARC-v1,HFTH3DSX5,gs://fc-secure-d4adbbf9-8265-4a5c-b14f-23a5f1b5c4f9/bcls/230318_SL-NVV_0695_AHFTH3DSX5,400,200,20,500,6000,,,,TRUE,batch3,
2023_03_20,TRUE,channel1,FF04678951,rna,rna,nuclei,channel1,pbmc,*,SI-TT-D4,FINNGEN,FINNGEN,GRCh38-2020-A,ARC-v1,HFTH3DSX5,gs://fc-secure-d4adbbf9-8265-4a5c-b14f-23a5f1b5c4f9/bcls/230318_SL-NVV_0695_AHFTH3DSX5,400,200,20,1000,10000,,,,TRUE,batch3,
2023_03_20,TRUE,channel1,FF04678981,rna,rna,nuclei,channel1,pbmc,*,SI-TT-G5,FINNGEN,FINNGEN,GRCh38-2020-A,ARC-v1,HKC7VDSX5,gs://fc-secure-d4adbbf9-8265-4a5c-b14f-23a5f1b5c4f9/bcls/230318_SL-NSE_0610_BHKC7VDSX5,400,200,20,1000,6000,,,,TRUE,batch3,
2023_03_20,TRUE,channel1,FF04678981_2,rna,rna,nuclei,channel1,pbmc,*,SI-TT-F8,FINNGEN,FINNGEN,GRCh38-2020-A,ARC-v1,HKC7VDSX5,gs://fc-secure-d4adbbf9-8265-4a5c-b14f-23a5f1b5c4f9/bcls/230318_SL-NSE_0610_BHKC7VDSX5,400,200,20,500,6000,,,,TRUE,batch3,
2023_03_20,TRUE,channel1,FF04679588,rna,rna,nuclei,channel1,pbmc,*,SI-TT-C7,FINNGEN,FINNGEN,GRCh38-2020-A,ARC-v1,HKC7VDSX5,gs://fc-secure-d4adbbf9-8265-4a5c-b14f-23a5f1b5c4f9/bcls/230318_SL-NSE_0610_BHKC7VDSX5,400,200,20,2000,20000,,,,TRUE,batch3,
2023_03_20,TRUE,channel1,FF04679638,rna,rna,nuclei,channel1,pbmc,*,SI-TT-D3,FINNGEN,FINNGEN,GRCh38-2020-A,ARC-v1,HFTH3DSX5,gs://fc-secure-d4adbbf9-8265-4a5c-b14f-23a5f1b5c4f9/bcls/230318_SL-NVV_0695_AHFTH3DSX5,400,200,20,2000,45000,,,,TRUE,batch3,
2023_03_20,TRUE,channel1,FF09451193,rna,rna,nuclei,channel1,pbmc,*,SI-TT-A4,FINNGEN,FINNGEN,GRCh38-2020-A,ARC-v1,HKC7VDSX5,gs://fc-secure-d4adbbf9-8265-4a5c-b14f-23a5f1b5c4f9/bcls/230318_SL-NSE_0610_BHKC7VDSX5,400,200,20,1000,5000,,,,TRUE,batch3,
2022_07_20,FALSE,channel1,FF03154680,rna,rna,nuclei,channel1,pbmc,*,SI-TT-F12,FINNGEN,FINNGEN,GRCh38-2020-A,ARC-v1,HVG7JDSX3,gs://fc-secure-d4adbbf9-8265-4a5c-b14f-23a5f1b5c4f9/bcls/220803_SL-NSH_0972_AHVG7JDSX3,400,200,20,4000,40000,,,,TRUE,batch1,
2022_07_25,FALSE,channel1,FF03154742,rna,rna,nuclei,channel1,pbmc,*,SI-TT-C4,FINNGEN,FINNGEN,GRCh38-2020-A,ARC-v1,HVG7JDSX3,gs://fc-secure-d4adbbf9-8265-4a5c-b14f-23a5f1b5c4f9/bcls/220803_SL-NSH_0972_AHVG7JDSX3,400,200,20,3000,30000,,,,TRUE,batch1,
2022_07_25,FALSE,channel1,FF03154843,rna,rna,nuclei,channel1,pbmc,*,SI-TT-G4,FINNGEN,FINNGEN,GRCh38-2020-A,ARC-v1,HVG7JDSX3,gs://fc-secure-d4adbbf9-8265-4a5c-b14f-23a5f1b5c4f9/bcls/220803_SL-NSH_0972_AHVG7JDSX3,400,200,20,4000,40000,,,,TRUE,batch1,
2022_06_28,FALSE,channel1,FF03154902,rna,rna,nuclei,channel1,pbmc,*,SI-TT-A4,FINNGEN,FINNGEN,GRCh38-2020-A,ARC-v1,HC77YDMXY,gs://fc-secure-d4adbbf9-8265-4a5c-b14f-23a5f1b5c4f9/bcls/220715_SL-NVC_0971_AHC77YDMXY,400,200,20,4000,40000,,,,TRUE,batch1,
2022_07_20,FALSE,channel1,FF03154915,rna,rna,nuclei,channel1,pbmc,*,SI-TT-C12,FINNGEN,FINNGEN,GRCh38-2020-A,ARC-v1,HVG7JDSX3,gs://fc-secure-d4adbbf9-8265-4a5c-b14f-23a5f1b5c4f9/bcls/220803_SL-NSH_0972_AHVG7JDSX3,400,200,20,4000,40000,,,,TRUE,batch1,
2022_07_07,FALSE,channel1,FF03154963,rna,rna,nuclei,channel1,pbmc,*,SI-TT-C7,FINNGEN,FINNGEN,GRCh38-2020-A,ARC-v1,HC77YDMXY,gs://fc-secure-d4adbbf9-8265-4a5c-b14f-23a5f1b5c4f9/bcls/220715_SL-NVC_0971_AHC77YDMXY,400,200,20,2000,30000,,,,TRUE,batch1,
2022_07_20,FALSE,channel1,FF03155007,rna,rna,nuclei,channel1,pbmc,*,SI-TT-B12,FINNGEN,FINNGEN,GRCh38-2020-A,ARC-v1,HVG7JDSX3,gs://fc-secure-d4adbbf9-8265-4a5c-b14f-23a5f1b5c4f9/bcls/220803_SL-NSH_0972_AHVG7JDSX3,400,200,20,2000,30000,,,,TRUE,batch1,
2022_03_24,FALSE,channel1,FF04677848,rna,rna,nuclei,channel1,pbmc,*,SI-TT-C11,FINNGEN,FINNGEN,GRCh38-2020-A,ARC-v1,H3CNLDRX2,gs://fc-secure-d4adbbf9-8265-4a5c-b14f-23a5f1b5c4f9/bcls/220401_SL-NVN_0674_AH3CNLDRX2,400,200,20,3000,25000,,,,TRUE,batch1,
2022_07_19,FALSE,channel1,FF04677850,rna,rna,nuclei,channel1,pbmc,*,SI-TT-G11,FINNGEN,FINNGEN,GRCh38-2020-A,ARC-v1,HVG7JDSX3,gs://fc-secure-d4adbbf9-8265-4a5c-b14f-23a5f1b5c4f9/bcls/220803_SL-NSH_0972_AHVG7JDSX3,400,200,20,4000,30000,,,,TRUE,batch1,
2022_06_28,FALSE,channel1,FF04677883,rna,rna,nuclei,channel1,pbmc,*,SI-TT-B4,FINNGEN,FINNGEN,GRCh38-2020-A,ARC-v1,HC77YDMXY,gs://fc-secure-d4adbbf9-8265-4a5c-b14f-23a5f1b5c4f9/bcls/220715_SL-NVC_0971_AHC77YDMXY,400,200,20,4000,35000,,,,TRUE,batch1,
2022_07_18,FALSE,channel1,FF04677928,rna,rna,nuclei,channel1,pbmc,*,SI-TT-C11,FINNGEN,FINNGEN,GRCh38-2020-A,ARC-v1,HVG7JDSX3,gs://fc-secure-d4adbbf9-8265-4a5c-b14f-23a5f1b5c4f9/bcls/220803_SL-NSH_0972_AHVG7JDSX3,400,200,20,4000,35000,,,,TRUE,batch1,
2022_07_25,FALSE,channel1,FF04678062,rna,rna,nuclei,channel1,pbmc,*,SI-TT-E4,FINNGEN,FINNGEN,GRCh38-2020-A,ARC-v1,HVG7JDSX3,gs://fc-secure-d4adbbf9-8265-4a5c-b14f-23a5f1b5c4f9/bcls/220803_SL-NSH_0972_AHVG7JDSX3,400,200,20,2000,30000,,,,TRUE,batch1,
2022_07_07,FALSE,channel1,FF04678071,rna,rna,nuclei,channel1,pbmc,*,SI-TT-A7,FINNGEN,FINNGEN,GRCh38-2020-A,ARC-v1,HC77YDMXY,gs://fc-secure-d4adbbf9-8265-4a5c-b14f-23a5f1b5c4f9/bcls/220715_SL-NVC_0971_AHC77YDMXY,400,200,20,4000,35000,,,,TRUE,batch1,
2022_07_18,FALSE,channel1,FF04678121,rna,rna,nuclei,channel1,pbmc,*,SI-TT-H10,FINNGEN,FINNGEN,GRCh38-2020-A,ARC-v1,HVG7JDSX3,gs://fc-secure-d4adbbf9-8265-4a5c-b14f-23a5f1b5c4f9/bcls/220803_SL-NSH_0972_AHVG7JDSX3,400,200,20,3000,30000,,,,TRUE,batch1,
2022_07_25,FALSE,channel1,FF04678124,rna,rna,nuclei,channel1,pbmc,*,SI-TT-B4,FINNGEN,FINNGEN,GRCh38-2020-A,ARC-v1,HVG7JDSX3,gs://fc-secure-d4adbbf9-8265-4a5c-b14f-23a5f1b5c4f9/bcls/220803_SL-NSH_0972_AHVG7JDSX3,400,200,20,4000,40000,,,,TRUE,batch1,
2022_06_29,FALSE,channel1,FF04678214,rna,rna,nuclei,channel1,pbmc,*,SI-TT-B5,FINNGEN,FINNGEN,GRCh38-2020-A,ARC-v1,HC77YDMXY,gs://fc-secure-d4adbbf9-8265-4a5c-b14f-23a5f1b5c4f9/bcls/220715_SL-NVC_0971_AHC77YDMXY,400,200,20,5000,40000,,,,TRUE,batch1,
2022_07_18,FALSE,channel1,FF04678248,rna,rna,nuclei,channel1,pbmc,*,SI-TT-C10,FINNGEN,FINNGEN,GRCh38-2020-A,ARC-v1,HVG7JDSX3,gs://fc-secure-d4adbbf9-8265-4a5c-b14f-23a5f1b5c4f9/bcls/220803_SL-NSH_0972_AHVG7JDSX3,400,200,20,5000,35000,,,,TRUE,batch1,
2020_05_05,FALSE,channel1,FF04678253,rna,rna,nuclei,channel1,pbmc,*,SI-TT-H6,FINNGEN,FINNGEN,GRCh38-2020-A,ARC-v1,H3CLWDRX2,gs://fc-secure-d4adbbf9-8265-4a5c-b14f-23a5f1b5c4f9/bcls/220511_SL-NVL_0718_AH3CLWDRX2,400,200,20,2000,30000,,,,TRUE,batch1,
2022_07_07,FALSE,channel1,FF04678303,rna,rna,nuclei,channel1,pbmc,*,SI-TT-D7,FINNGEN,FINNGEN,GRCh38-2020-A,ARC-v1,HVG7JDSX3,gs://fc-secure-d4adbbf9-8265-4a5c-b14f-23a5f1b5c4f9/bcls/220803_SL-NSH_0972_AHVG7JDSX3,400,200,20,4000,40000,,,,TRUE,batch1,
2022_07_19,FALSE,channel1,FF04678305,rna,rna,nuclei,channel1,pbmc,*,SI-TT-D11,FINNGEN,FINNGEN,GRCh38-2020-A,ARC-v1,HVG7JDSX3,gs://fc-secure-d4adbbf9-8265-4a5c-b14f-23a5f1b5c4f9/bcls/220803_SL-NSH_0972_AHVG7JDSX3,400,200,20,10,1500,,,,TRUE,batch1,
2022_05_25,FALSE,channel1,FF04678313_FF04677979_FF05494641_FF03155019,rna,rna,nuclei,channel1,pbmc,*,SI-TT-H11,FINNGEN,FINNGEN,GRCh38-2020-A,ARC-v1,H3VFYDRX2,gs://fc-secure-d4adbbf9-8265-4a5c-b14f-23a5f1b5c4f9/bcls/220602_SL-NSA_0375_AH3VFYDRX2,400,200,20,4000,40000,,,,TRUE,batch1,
2022_07_19,FALSE,channel1,FF04678359,rna,rna,nuclei,channel1,pbmc,*,SI-TT-B11,FINNGEN,FINNGEN,GRCh38-2020-A,ARC-v1,HVG7JDSX3,gs://fc-secure-d4adbbf9-8265-4a5c-b14f-23a5f1b5c4f9/bcls/220803_SL-NSH_0972_AHVG7JDSX3,400,200,20,500,40000,,,,TRUE,batch1,
2022_07_07,FALSE,channel1,FF04678430,rna,rna,nuclei,channel1,pbmc,*,SI-TT-B7,FINNGEN,FINNGEN,GRCh38-2020-A,ARC-v1,HC77YDMXY,gs://fc-secure-d4adbbf9-8265-4a5c-b14f-23a5f1b5c4f9/bcls/220715_SL-NVC_0971_AHC77YDMXY,400,200,20,4000,40000,,,,TRUE,batch1,
2022_07_19,FALSE,channel1,FF04678437,rna,rna,nuclei,channel1,pbmc,*,SI-TT-E11,FINNGEN,FINNGEN,GRCh38-2020-A,ARC-v1,HVG7JDSX3,gs://fc-secure-d4adbbf9-8265-4a5c-b14f-23a5f1b5c4f9/bcls/220803_SL-NSH_0972_AHVG7JDSX3,400,200,20,4000,40000,,,,TRUE,batch1,
2022_07_20,FALSE,channel1,FF04678447,rna,rna,nuclei,channel1,pbmc,*,SI-TT-H12,FINNGEN,FINNGEN,GRCh38-2020-A,ARC-v1,HVG7JDSX3,gs://fc-secure-d4adbbf9-8265-4a5c-b14f-23a5f1b5c4f9/bcls/220803_SL-NSH_0972_AHVG7JDSX3,400,200,20,4000,40000,,,,TRUE,batch1,
2022_07_07,FALSE,channel1,FF04678513,rna,rna,nuclei,channel1,pbmc,*,SI-TT-E7,FINNGEN,FINNGEN,GRCh38-2020-A,ARC-v1,HC77YDMXY,gs://fc-secure-d4adbbf9-8265-4a5c-b14f-23a5f1b5c4f9/bcls/220715_SL-NVC_0971_AHC77YDMXY,400,200,20,7000,40000,,,,TRUE,batch1,
2022_08_30,FALSE,channel1,FF04678987_FF06996781_FF04677885_FF03155069,rna,rna,nuclei,channel1,pbmc,*,SI-TT-G8,FINNGEN,FINNGEN,GRCh38-2020-A,ARC-v1,HFTFVDRX2,gs://fc-secure-d4adbbf9-8265-4a5c-b14f-23a5f1b5c4f9/bcls/220830_SL-NVB_1032_AHFTFVDRX2,400,200,20,2000,25000,,,,TRUE,batch1,
2022_08_30,FALSE,channel1,FF04678987_FF06996781_FF04677885_FF03155069_2,rna,rna,nuclei,channel1,pbmc,*,SI-TT-G10,FINNGEN,FINNGEN,GRCh38-2020-A,ARC-v1,HFTFVDRX2,gs://fc-secure-d4adbbf9-8265-4a5c-b14f-23a5f1b5c4f9/bcls/220830_SL-NVB_1032_AHFTFVDRX2,400,200,20,2000,25000,,,,TRUE,batch1,
2022_05_25,FALSE,channel1,FF04679098_FF06997634_FF04678212_FF05494533,rna,rna,nuclei,channel1,pbmc,*,SI-TT-H12,FINNGEN,FINNGEN,GRCh38-2020-A,ARC-v1,H3VFYDRX2,gs://fc-secure-d4adbbf9-8265-4a5c-b14f-23a5f1b5c4f9/bcls/220602_SL-NSA_0375_AH3VFYDRX2,400,200,20,3000,30000,,,,TRUE,batch1,
2022_07_07,FALSE,channel1,FF04679204,rna,rna,nuclei,channel1,pbmc,*,SI-TT-G7,FINNGEN,FINNGEN,GRCh38-2020-A,ARC-v1,HC77YDMXY,gs://fc-secure-d4adbbf9-8265-4a5c-b14f-23a5f1b5c4f9/bcls/220715_SL-NVC_0971_AHC77YDMXY,400,200,20,4000,40000,,,,TRUE,batch1,
2022_07_18,FALSE,channel1,FF04679225,rna,rna,nuclei,channel1,pbmc,*,SI-TT-G10,FINNGEN,FINNGEN,GRCh38-2020-A,ARC-v1,HVG7JDSX3,gs://fc-secure-d4adbbf9-8265-4a5c-b14f-23a5f1b5c4f9/bcls/220803_SL-NSH_0972_AHVG7JDSX3,400,200,20,5000,40000,,,,TRUE,batch1,
2022_07_07,FALSE,channel1,FF04679300,rna,rna,nuclei,channel1,pbmc,*,SI-TT-F7,FINNGEN,FINNGEN,GRCh38-2020-A,ARC-v1,HC77YDMXY,gs://fc-secure-d4adbbf9-8265-4a5c-b14f-23a5f1b5c4f9/bcls/220715_SL-NVC_0971_AHC77YDMXY,400,200,20,5000,40000,,,,TRUE,batch1,
2022_07_20,FALSE,channel1,FF04679318,rna,rna,nuclei,channel1,pbmc,*,SI-TT-G12,FINNGEN,FINNGEN,GRCh38-2020-A,ARC-v1,HVG7JDSX3,gs://fc-secure-d4adbbf9-8265-4a5c-b14f-23a5f1b5c4f9/bcls/220803_SL-NSH_0972_AHVG7JDSX3,400,200,20,4000,35000,,,,TRUE,batch1,
2022_06_29,FALSE,channel1,FF04679331,rna,rna,nuclei,channel1,pbmc,*,SI-TT-D5,FINNGEN,FINNGEN,GRCh38-2020-A,ARC-v1,HC77YDMXY,gs://fc-secure-d4adbbf9-8265-4a5c-b14f-23a5f1b5c4f9/bcls/220715_SL-NVC_0971_AHC77YDMXY,400,200,20,4000,35000,,,,TRUE,batch1,
2022_07_18,FALSE,channel1,FF04679336,rna,rna,nuclei,channel1,pbmc,*,SI-TT-A10,FINNGEN,FINNGEN,GRCh38-2020-A,ARC-v1,HVG7JDSX3,gs://fc-secure-d4adbbf9-8265-4a5c-b14f-23a5f1b5c4f9/bcls/220803_SL-NSH_0972_AHVG7JDSX3,400,200,20,3000,35000,,,,TRUE,batch1,
2022_03_24,FALSE,channel1,FF04679370,rna,rna,nuclei,channel1,pbmc,*,SI-TT-A11,FINNGEN,FINNGEN,GRCh38-2020-A,ARC-v1,H3CNLDRX2,gs://fc-secure-d4adbbf9-8265-4a5c-b14f-23a5f1b5c4f9/bcls/220401_SL-NVN_0674_AH3CNLDRX2,400,200,20,4000,35000,,,,TRUE,batch1,
2022_07_25,FALSE,channel1,FF04679432,rna,rna,nuclei,channel1,pbmc,*,SI-TT-D4,FINNGEN,FINNGEN,GRCh38-2020-A,ARC-v1,HVG7JDSX3,gs://fc-secure-d4adbbf9-8265-4a5c-b14f-23a5f1b5c4f9/bcls/220803_SL-NSH_0972_AHVG7JDSX3,400,200,20,4000,35000,,,,TRUE,batch1,
2022_07_26,FALSE,channel1,FF04679453,rna,rna,nuclei,channel1,pbmc,*,SI-TT-H5,FINNGEN,FINNGEN,GRCh38-2020-A,ARC-v1,HCN3CDMXY,gs://fc-secure-d4adbbf9-8265-4a5c-b14f-23a5f1b5c4f9/bcls/220803_SL-NVP_0801_AHCN3CDMXY,400,200,20,2000,20000,,,,TRUE,batch1,
2022_07_19,FALSE,channel1,FF04679617,rna,rna,nuclei,channel1,pbmc,*,SI-TT-A11,FINNGEN,FINNGEN,GRCh38-2020-A,ARC-v1,HVG7JDSX3,gs://fc-secure-d4adbbf9-8265-4a5c-b14f-23a5f1b5c4f9/bcls/220803_SL-NSH_0972_AHVG7JDSX3,400,200,20,4000,35000,,,,TRUE,batch1,
2022_06_28,FALSE,channel1,FF04679694,rna,rna,nuclei,channel1,pbmc,*,SI-TT-C4,FINNGEN,FINNGEN,GRCh38-2020-A,ARC-v1,HC77YDMXY,gs://fc-secure-d4adbbf9-8265-4a5c-b14f-23a5f1b5c4f9/bcls/220715_SL-NVC_0971_AHC77YDMXY,400,200,20,4000,40000,,,,TRUE,batch1,
2020_05_05,FALSE,channel1,FF05494381,rna,rna,nuclei,channel1,pbmc,*,SI-TT-H7,FINNGEN,FINNGEN,GRCh38-2020-A,ARC-v1,H3CLWDRX2,gs://fc-secure-d4adbbf9-8265-4a5c-b14f-23a5f1b5c4f9/bcls/220511_SL-NVL_0718_AH3CLWDRX2,400,200,20,800,15000,,,,TRUE,batch1,
2022_07_27,FALSE,channel1,FF05494483,rna,rna,nuclei,channel1,pbmc,*,SI-TT-D6,FINNGEN,FINNGEN,GRCh38-2020-A,ARC-v1,HCN3CDMXY,gs://fc-secure-d4adbbf9-8265-4a5c-b14f-23a5f1b5c4f9/bcls/220803_SL-NVP_0801_AHCN3CDMXY,400,200,20,3000,30000,,,,TRUE,batch1,
2022_07_26,FALSE,channel1,FF05494484,rna,rna,nuclei,channel1,pbmc,*,SI-TT-B5,FINNGEN,FINNGEN,GRCh38-2020-A,ARC-v1,HCN3CDMXY,gs://fc-secure-d4adbbf9-8265-4a5c-b14f-23a5f1b5c4f9/bcls/220803_SL-NVP_0801_AHCN3CDMXY,400,200,20,3000,35000,,,,TRUE,batch1,
2022_07_27,FALSE,channel1,FF05494565,rna,rna,nuclei,channel1,pbmc,*,SI-TT-C6,FINNGEN,FINNGEN,GRCh38-2020-A,ARC-v1,HCN3CDMXY,gs://fc-secure-d4adbbf9-8265-4a5c-b14f-23a5f1b5c4f9/bcls/220803_SL-NVP_0801_AHCN3CDMXY,400,200,20,1000,40000,,,,TRUE,batch1,
2022_07_26,FALSE,channel1,FF05494567,rna,rna,nuclei,channel1,pbmc,*,SI-TT-D5,FINNGEN,FINNGEN,GRCh38-2020-A,ARC-v1,HCN3CDMXY,gs://fc-secure-d4adbbf9-8265-4a5c-b14f-23a5f1b5c4f9/bcls/220803_SL-NVP_0801_AHCN3CDMXY,400,200,20,3000,30000,,,,TRUE,batch1,
2022_06_27,FALSE,channel1,FF05494579,rna,rna,nuclei,channel1,pbmc,*,SI-TT-A3,FINNGEN,FINNGEN,GRCh38-2020-A,ARC-v1,HG5HJDRX2,gs://fc-secure-d4adbbf9-8265-4a5c-b14f-23a5f1b5c4f9/bcls/220703_SL-NVL_0770_AHG5HJDRX2,400,200,20,3000,20000,,,,TRUE,batch1,
2022_07_27,FALSE,channel1,FF05494640,rna,rna,nuclei,channel1,pbmc,*,SI-TT-B6,FINNGEN,FINNGEN,GRCh38-2020-A,ARC-v1,HCN3CDMXY,gs://fc-secure-d4adbbf9-8265-4a5c-b14f-23a5f1b5c4f9/bcls/220803_SL-NVP_0801_AHCN3CDMXY,400,200,20,2000,30000,,,,TRUE,batch1,
2022_06_27,FALSE,channel1,FF05494762,rna,rna,nuclei,channel1,pbmc,*,SI-TT-B3,FINNGEN,FINNGEN,GRCh38-2020-A,ARC-v1,HG5HJDRX2,gs://fc-secure-d4adbbf9-8265-4a5c-b14f-23a5f1b5c4f9/bcls/220703_SL-NVL_0770_AHG5HJDRX2,400,200,20,2000,15000,,,,TRUE,batch1,
2022_07_18,FALSE,channel1,FF05494827,rna,rna,nuclei,channel1,pbmc,*,SI-TT-F10,FINNGEN,FINNGEN,GRCh38-2020-A,ARC-v1,HVG7JDSX3,gs://fc-secure-d4adbbf9-8265-4a5c-b14f-23a5f1b5c4f9/bcls/220803_SL-NSH_0972_AHVG7JDSX3,400,200,20,4000,40000,,,,TRUE,batch1,
2022_07_25,FALSE,channel1,FF06995962,rna,rna,nuclei,channel1,pbmc,*,SI-TT-A4,FINNGEN,FINNGEN,GRCh38-2020-A,ARC-v1,HVG7JDSX3,gs://fc-secure-d4adbbf9-8265-4a5c-b14f-23a5f1b5c4f9/bcls/220803_SL-NSH_0972_AHVG7JDSX3,400,200,20,4000,40000,,,,TRUE,batch1,
2022_06_29,FALSE,channel1,FF06995989,rna,rna,nuclei,channel1,pbmc,*,SI-TT-C5,FINNGEN,FINNGEN,GRCh38-2020-A,ARC-v1,HC77YDMXY,gs://fc-secure-d4adbbf9-8265-4a5c-b14f-23a5f1b5c4f9/bcls/220715_SL-NVC_0971_AHC77YDMXY,400,200,20,4000,40000,,,,TRUE,batch1,
2022_07_26,FALSE,channel1,FF06996053,rna,rna,nuclei,channel1,pbmc,*,SI-TT-F5,FINNGEN,FINNGEN,GRCh38-2020-A,ARC-v1,HCN3CDMXY,gs://fc-secure-d4adbbf9-8265-4a5c-b14f-23a5f1b5c4f9/bcls/220803_SL-NVP_0801_AHCN3CDMXY,400,200,20,2000,40000,,,,TRUE,batch1,
2022_07_08,FALSE,channel1,FF06996158,rna,rna,nuclei,channel1,pbmc,*,SI-TT-F4,FINNGEN,FINNGEN,GRCh38-2020-A,ARC-v1,HC77YDMXY,gs://fc-secure-d4adbbf9-8265-4a5c-b14f-23a5f1b5c4f9/bcls/220715_SL-NVC_0971_AHC77YDMXY,400,200,20,7000,45000,,,,TRUE,batch1,
2022_07_26,FALSE,channel1,FF06996167,rna,rna,nuclei,channel1,pbmc,*,SI-TT-E5,FINNGEN,FINNGEN,GRCh38-2020-A,ARC-v1,HCN3CDMXY,gs://fc-secure-d4adbbf9-8265-4a5c-b14f-23a5f1b5c4f9/bcls/220803_SL-NVP_0801_AHCN3CDMXY,400,200,20,4000,40000,,,,TRUE,batch1,
2022_07_27,FALSE,channel1,FF06996188,rna,rna,nuclei,channel1,pbmc,*,SI-TT-G6,FINNGEN,FINNGEN,GRCh38-2020-A,ARC-v1,HCN3CDMXY,gs://fc-secure-d4adbbf9-8265-4a5c-b14f-23a5f1b5c4f9/bcls/220803_SL-NVP_0801_AHCN3CDMXY,400,200,20,4000,40000,,,,TRUE,batch1,
2022_07_25,FALSE,channel1,FF06996447,rna,rna,nuclei,channel1,pbmc,*,SI-TT-H4,FINNGEN,FINNGEN,GRCh38-2020-A,ARC-v1,HVG7JDSX3,gs://fc-secure-d4adbbf9-8265-4a5c-b14f-23a5f1b5c4f9/bcls/220803_SL-NSH_0972_AHVG7JDSX3,400,200,20,4000,40000,,,,TRUE,batch1,
2022_07_26,FALSE,channel1,FF06996546,rna,rna,nuclei,channel1,pbmc,*,SI-TT-G5,FINNGEN,FINNGEN,GRCh38-2020-A,ARC-v1,HCN3CDMXY,gs://fc-secure-d4adbbf9-8265-4a5c-b14f-23a5f1b5c4f9/bcls/220803_SL-NVP_0801_AHCN3CDMXY,400,200,20,3000,40000,,,,TRUE,batch1,
2022_07_08,FALSE,channel1,FF06996606,rna,rna,nuclei,channel1,pbmc,*,SI-TT-H4,FINNGEN,FINNGEN,GRCh38-2020-A,ARC-v1,HC77YDMXY,gs://fc-secure-d4adbbf9-8265-4a5c-b14f-23a5f1b5c4f9/bcls/220715_SL-NVC_0971_AHC77YDMXY,400,200,20,4000,40000,,,,TRUE,batch1,
2022_07_25,FALSE,channel1,FF06996650,rna,rna,nuclei,channel1,pbmc,*,SI-TT-F4,FINNGEN,FINNGEN,GRCh38-2020-A,ARC-v1,HVG7JDSX3,gs://fc-secure-d4adbbf9-8265-4a5c-b14f-23a5f1b5c4f9/bcls/220803_SL-NSH_0972_AHVG7JDSX3,400,200,20,2000,40000,,,,TRUE,batch1,
2022_07_20,FALSE,channel1,FF06996751,rna,rna,nuclei,channel1,pbmc,*,SI-TT-D12,FINNGEN,FINNGEN,GRCh38-2020-A,ARC-v1,HVG7JDSX3,gs://fc-secure-d4adbbf9-8265-4a5c-b14f-23a5f1b5c4f9/bcls/220803_SL-NSH_0972_AHVG7JDSX3,400,200,20,5000,40000,,,,TRUE,batch1,
2022_07_19,FALSE,channel1,FF06996897,rna,rna,nuclei,channel1,pbmc,*,SI-TT-H11,FINNGEN,FINNGEN,GRCh38-2020-A,ARC-v1,HVG7JDSX3,gs://fc-secure-d4adbbf9-8265-4a5c-b14f-23a5f1b5c4f9/bcls/220803_SL-NSH_0972_AHVG7JDSX3,400,200,20,4000,40000,,,,TRUE,batch1,
2022_07_27,FALSE,channel1,FF06997070,rna,rna,nuclei,channel1,pbmc,*,SI-TT-A6,FINNGEN,FINNGEN,GRCh38-2020-A,ARC-v1,HCN3CDMXY,gs://fc-secure-d4adbbf9-8265-4a5c-b14f-23a5f1b5c4f9/bcls/220803_SL-NVP_0801_AHCN3CDMXY,400,200,20,2000,40000,,,,TRUE,batch1,
2022_07_18,FALSE,channel1,FF06997173,rna,rna,nuclei,channel1,pbmc,*,SI-TT-B10,FINNGEN,FINNGEN,GRCh38-2020-A,ARC-v1,HVG7JDSX3,gs://fc-secure-d4adbbf9-8265-4a5c-b14f-23a5f1b5c4f9/bcls/220803_SL-NSH_0972_AHVG7JDSX3,400,200,20,2000,40000,,,,TRUE,batch1,
2022_07_08,FALSE,channel1,FF06997178,rna,rna,nuclei,channel1,pbmc,*,SI-TT-G4,FINNGEN,FINNGEN,GRCh38-2020-A,ARC-v1,HC77YDMXY,gs://fc-secure-d4adbbf9-8265-4a5c-b14f-23a5f1b5c4f9/bcls/220715_SL-NVC_0971_AHC77YDMXY,400,200,20,4000,40000,,,,TRUE,batch1,
2022_07_19,FALSE,channel1,FF06997418,rna,rna,nuclei,channel1,pbmc,*,SI-TT-F11,FINNGEN,FINNGEN,GRCh38-2020-A,ARC-v1,HVG7JDSX3,gs://fc-secure-d4adbbf9-8265-4a5c-b14f-23a5f1b5c4f9/bcls/220803_SL-NSH_0972_AHVG7JDSX3,400,200,20,3000,35000,,,,TRUE,batch1,
2022_07_07,FALSE,channel1,FF06997429,rna,rna,nuclei,channel1,pbmc,*,SI-TT-H7,FINNGEN,FINNGEN,GRCh38-2020-A,ARC-v1,HC77YDMXY,gs://fc-secure-d4adbbf9-8265-4a5c-b14f-23a5f1b5c4f9/bcls/220715_SL-NVC_0971_AHC77YDMXY,400,200,20,3000,40000,,,,TRUE,batch1,
2022_07_20,FALSE,channel1,FF06997472,rna,rna,nuclei,channel1,pbmc,*,SI-TT-E12,FINNGEN,FINNGEN,GRCh38-2020-A,ARC-v1,HVG7JDSX3,gs://fc-secure-d4adbbf9-8265-4a5c-b14f-23a5f1b5c4f9/bcls/220803_SL-NSH_0972_AHVG7JDSX3,400,200,20,20000,65000,,,,TRUE,batch1,
2022_03_24,FALSE,channel1,FF06997485,rna,rna,nuclei,channel1,pbmc,*,SI-TT-D11,FINNGEN,FINNGEN,GRCh38-2020-A,ARC-v1,H3CNLDRX2,gs://fc-secure-d4adbbf9-8265-4a5c-b14f-23a5f1b5c4f9/bcls/220401_SL-NVN_0674_AH3CNLDRX2,400,200,20,4000,35000,,,,TRUE,batch1,
2022_07_20,FALSE,channel1,FF06997503,rna,rna,nuclei,channel1,pbmc,*,SI-TT-A12,FINNGEN,FINNGEN,GRCh38-2020-A,ARC-v1,HVG7JDSX3,gs://fc-secure-d4adbbf9-8265-4a5c-b14f-23a5f1b5c4f9/bcls/220803_SL-NSH_0972_AHVG7JDSX3,400,200,20,3000,40000,,,,TRUE,batch1,
2022_06_28,FALSE,channel1,FF06997531,rna,rna,nuclei,channel1,pbmc,*,SI-TT-D4,FINNGEN,FINNGEN,GRCh38-2020-A,ARC-v1,HC77YDMXY,gs://fc-secure-d4adbbf9-8265-4a5c-b14f-23a5f1b5c4f9/bcls/220715_SL-NVC_0971_AHC77YDMXY,400,200,20,4000,70000,,,,TRUE,batch1,
2022_06_27,FALSE,channel1,FF06997632_2,rna,rna,nuclei,channel1,pbmc,*,SI-TT-E3,FINNGEN,FINNGEN,GRCh38-2020-A,ARC-v1,HVG7JDSX3,gs://fc-secure-d4adbbf9-8265-4a5c-b14f-23a5f1b5c4f9/bcls/220803_SL-NSH_0972_AHVG7JDSX3,400,200,20,1000,10000,,,,TRUE,batch1,
2022_07_27,FALSE,channel1,FF06997637,rna,rna,nuclei,channel1,pbmc,*,SI-TT-F6,FINNGEN,FINNGEN,GRCh38-2020-A,ARC-v1,HCN3CDMXY,gs://fc-secure-d4adbbf9-8265-4a5c-b14f-23a5f1b5c4f9/bcls/220803_SL-NVP_0801_AHCN3CDMXY,400,200,20,4000,40000,,,,TRUE,batch1,
2022_07_18,FALSE,channel1,FF06997658,rna,rna,nuclei,channel1,pbmc,*,SI-TT-D10,FINNGEN,FINNGEN,GRCh38-2020-A,ARC-v1,HVG7JDSX3,gs://fc-secure-d4adbbf9-8265-4a5c-b14f-23a5f1b5c4f9/bcls/220803_SL-NSH_0972_AHVG7JDSX3,400,200,20,2000,40000,,,,TRUE,batch1,
2022_03_24,FALSE,channel1,FF06997667,rna,rna,nuclei,channel1,pbmc,*,SI-TT-B11,FINNGEN,FINNGEN,GRCh38-2020-A,ARC-v1,H3CNLDRX2,gs://fc-secure-d4adbbf9-8265-4a5c-b14f-23a5f1b5c4f9/bcls/220401_SL-NVN_0674_AH3CNLDRX2,400,200,20,3000,40000,,,,TRUE,batch1,
2022_07_18,FALSE,channel1,FF06997698,rna,rna,nuclei,channel1,pbmc,*,SI-TT-E10,FINNGEN,FINNGEN,GRCh38-2020-A,ARC-v1,HVG7JDSX3,gs://fc-secure-d4adbbf9-8265-4a5c-b14f-23a5f1b5c4f9/bcls/220803_SL-NSH_0972_AHVG7JDSX3,400,200,20,3000,40000,,,,TRUE,batch1,
2022_07_26,FALSE,channel1,FF06997861,rna,rna,nuclei,channel1,pbmc,*,SI-TT-C5,FINNGEN,FINNGEN,GRCh38-2020-A,ARC-v1,HCN3CDMXY,gs://fc-secure-d4adbbf9-8265-4a5c-b14f-23a5f1b5c4f9/bcls/220803_SL-NVP_0801_AHCN3CDMXY,400,200,20,2000,40000,,,,TRUE,batch1,
2022_06_29,FALSE,channel1,FF06997959,rna,rna,nuclei,channel1,pbmc,*,SI-TT-A5,FINNGEN,FINNGEN,GRCh38-2020-A,ARC-v1,HC77YDMXY,gs://fc-secure-d4adbbf9-8265-4a5c-b14f-23a5f1b5c4f9/bcls/220715_SL-NVC_0971_AHC77YDMXY,400,200,20,5000,40000,,,,TRUE,batch1,
2022_07_26,FALSE,channel1,FF06998008,rna,rna,nuclei,channel1,pbmc,*,SI-TT-A5,FINNGEN,FINNGEN,GRCh38-2020-A,ARC-v1,HCN3CDMXY,gs://fc-secure-d4adbbf9-8265-4a5c-b14f-23a5f1b5c4f9/bcls/220803_SL-NVP_0801_AHCN3CDMXY,400,200,20,5000,40000,,,,TRUE,batch1,
2022_07_08,FALSE,channel1,FF06998050,rna,rna,nuclei,channel1,pbmc,*,SI-TT-E4,FINNGEN,FINNGEN,GRCh38-2020-A,ARC-v1,HC77YDMXY,gs://fc-secure-d4adbbf9-8265-4a5c-b14f-23a5f1b5c4f9/bcls/220715_SL-NVC_0971_AHC77YDMXY,400,200,20,8000,50000,,,,TRUE,batch1,
2022_07_27,FALSE,channel1,FF06998186,rna,rna,nuclei,channel1,pbmc,*,SI-TT-E6,FINNGEN,FINNGEN,GRCh38-2020-A,ARC-v1,HCN3CDMXY,gs://fc-secure-d4adbbf9-8265-4a5c-b14f-23a5f1b5c4f9/bcls/220803_SL-NVP_0801_AHCN3CDMXY,400,200,20,3000,30000,,,,TRUE,batch1,
2022_06_27,FALSE,channel1,FF06998280,rna,rna,nuclei,channel1,pbmc,*,SI-TT-C3,FINNGEN,FINNGEN,GRCh38-2020-A,ARC-v1,HG5HJDRX2,gs://fc-secure-d4adbbf9-8265-4a5c-b14f-23a5f1b5c4f9/bcls/220703_SL-NVL_0770_AHG5HJDRX2,400,200,20,3000,20000,,,,TRUE,batch1,
2020_05_05,FALSE,channel1,FF06998314,rna,rna,nuclei,channel1,pbmc,*,SI-TT-H8,FINNGEN,FINNGEN,GRCh38-2020-A,ARC-v1,H3CLWDRX2,gs://fc-secure-d4adbbf9-8265-4a5c-b14f-23a5f1b5c4f9/bcls/220511_SL-NVL_0718_AH3CLWDRX2,400,200,20,800,20000,,,,TRUE,batch1,
2023_02_26,FALSE,channel1,FF03154942,rna,rna,nuclei,channel1,pbmc,*,SI-TT-G2,FINNGEN,FINNGEN,GRCh38-2020-A,ARC-v1,HCMJGDSX5,gs://fc-secure-d4adbbf9-8265-4a5c-b14f-23a5f1b5c4f9/bcls/230226_SL-NSE_0596_BHCMJGDSX5,400,200,20,3000,35000,,,,TRUE,batch2,
2023_02_26,FALSE,channel1,FF03154958,rna,rna,nuclei,channel1,pbmc,*,SI-TT-H2,FINNGEN,FINNGEN,GRCh38-2020-A,ARC-v1,HCMJGDSX5,gs://fc-secure-d4adbbf9-8265-4a5c-b14f-23a5f1b5c4f9/bcls/230226_SL-NSE_0596_BHCMJGDSX5,400,200,20,2000,30000,,,,TRUE,batch2,
2023_02_26,FALSE,channel1,FF04677799,rna,rna,nuclei,channel1,pbmc,*,SI-TT-C7,FINNGEN,FINNGEN,GRCh38-2020-A,ARC-v1,HCMJGDSX5,gs://fc-secure-d4adbbf9-8265-4a5c-b14f-23a5f1b5c4f9/bcls/230226_SL-NSE_0596_BHCMJGDSX5,400,200,20,3000,35000,,,,TRUE,batch2,
2023_02_26,FALSE,channel1,FF04677809,rna,rna,nuclei,channel1,pbmc,*,SI-TT-F2,FINNGEN,FINNGEN,GRCh38-2020-A,ARC-v1,HCMJGDSX5,gs://fc-secure-d4adbbf9-8265-4a5c-b14f-23a5f1b5c4f9/bcls/230226_SL-NSE_0596_BHCMJGDSX5,400,200,20,2000,30000,,,,TRUE,batch2,
2023_02_26,FALSE,channel1,FF04677819,rna,rna,nuclei,channel1,pbmc,*,SI-TT-A7,FINNGEN,FINNGEN,GRCh38-2020-A,ARC-v1,HCMJGDSX5,gs://fc-secure-d4adbbf9-8265-4a5c-b14f-23a5f1b5c4f9/bcls/230226_SL-NSE_0596_BHCMJGDSX5,400,200,20,3000,30000,,,,TRUE,batch2,
2023_02_26,FALSE,channel1,FF04677826,rna,rna,nuclei,channel1,pbmc,*,SI-TT-H7,FINNGEN,FINNGEN,GRCh38-2020-A,ARC-v1,HCMJGDSX5,gs://fc-secure-d4adbbf9-8265-4a5c-b14f-23a5f1b5c4f9/bcls/230226_SL-NSE_0596_BHCMJGDSX5,400,200,20,3000,35000,,,,TRUE,batch2,
2023_02_26,FALSE,channel1,FF04677871,rna,rna,nuclei,channel1,pbmc,*,SI-TT-E2,FINNGEN,FINNGEN,GRCh38-2020-A,ARC-v1,HCMJGDSX5,gs://fc-secure-d4adbbf9-8265-4a5c-b14f-23a5f1b5c4f9/bcls/230226_SL-NSE_0596_BHCMJGDSX5,400,200,20,5000,40000,,,,TRUE,batch2,
2023_02_26,FALSE,channel1,FF04677912,rna,rna,nuclei,channel1,pbmc,*,SI-TT-E3,FINNGEN,FINNGEN,GRCh38-2020-A,ARC-v1,HCMJGDSX5,gs://fc-secure-d4adbbf9-8265-4a5c-b14f-23a5f1b5c4f9/bcls/230226_SL-NSE_0596_BHCMJGDSX5,400,200,20,4000,35000,,,,TRUE,batch2,
2023_02_26,FALSE,channel1,FF04677929,rna,rna,nuclei,channel1,pbmc,*,SI-TT-G7,FINNGEN,FINNGEN,GRCh38-2020-A,ARC-v1,HCMJGDSX5,gs://fc-secure-d4adbbf9-8265-4a5c-b14f-23a5f1b5c4f9/bcls/230226_SL-NSE_0596_BHCMJGDSX5,400,200,20,4000,35000,,,,TRUE,batch2,
2023_02_26,FALSE,channel1,FF04678006,rna,rna,nuclei,channel1,pbmc,*,SI-TT-E7,FINNGEN,FINNGEN,GRCh38-2020-A,ARC-v1,HCMJGDSX5,gs://fc-secure-d4adbbf9-8265-4a5c-b14f-23a5f1b5c4f9/bcls/230226_SL-NSE_0596_BHCMJGDSX5,400,200,20,5000,35000,,,,TRUE,batch2,
2023_02_26,FALSE,channel1,FF04678012,rna,rna,nuclei,channel1,pbmc,*,SI-TT-F11,FINNGEN,FINNGEN,GRCh38-2020-A,ARC-v1,HCMJGDSX5,gs://fc-secure-d4adbbf9-8265-4a5c-b14f-23a5f1b5c4f9/bcls/230226_SL-NSE_0596_BHCMJGDSX5,400,200,20,4000,35000,,,,TRUE,batch2,
2023_02_26,FALSE,channel1,FF04678019,rna,rna,nuclei,channel1,pbmc,*,SI-TT-D3,FINNGEN,FINNGEN,GRCh38-2020-A,ARC-v1,HCMJGDSX5,gs://fc-secure-d4adbbf9-8265-4a5c-b14f-23a5f1b5c4f9/bcls/230226_SL-NSE_0596_BHCMJGDSX5,400,200,20,5000,40000,,,,TRUE,batch2,
2023_02_03,FALSE,channel1,FF04678107,rna,rna,nuclei,channel1,pbmc,*,SI-TT-H9,FINNGEN,FINNGEN,GRCh38-2020-A,ARC-v1,H7KTTDSX5,gs://fc-secure-d4adbbf9-8265-4a5c-b14f-23a5f1b5c4f9/bcls/230203_SL-NSH_1070_AH7KTTDSX5,400,200,20,5000,40000,,,,TRUE,batch2,
2023_02_26,FALSE,channel1,FF04678131,rna,rna,nuclei,channel1,pbmc,*,SI-TT-G3,FINNGEN,FINNGEN,GRCh38-2020-A,ARC-v1,HCMJGDSX5,gs://fc-secure-d4adbbf9-8265-4a5c-b14f-23a5f1b5c4f9/bcls/230226_SL-NSE_0596_BHCMJGDSX5,400,200,20,1000,15000,,,,TRUE,batch2,
2023_02_26,FALSE,channel1,FF04678144,rna,rna,nuclei,channel1,pbmc,*,SI-TT-E6,FINNGEN,FINNGEN,GRCh38-2020-A,ARC-v1,HCMC3DSX5,gs://fc-secure-d4adbbf9-8265-4a5c-b14f-23a5f1b5c4f9/bcls/230226_SL-NSE_0597_AHCMC3DSX5,400,200,20,2000,30000,,,,TRUE,batch2,
2023_02_26,FALSE,channel1,FF04678185,rna,rna,nuclei,channel1,pbmc,*,SI-TT-H10,FINNGEN,FINNGEN,GRCh38-2020-A,ARC-v1,HCMJGDSX5,gs://fc-secure-d4adbbf9-8265-4a5c-b14f-23a5f1b5c4f9/bcls/230226_SL-NSE_0596_BHCMJGDSX5,400,200,20,1000,25000,,,,TRUE,batch2,
2023_02_26,FALSE,channel1,FF04678215,rna,rna,nuclei,channel1,pbmc,*,SI-TT-D11,FINNGEN,FINNGEN,GRCh38-2020-A,ARC-v1,HCMJGDSX5,gs://fc-secure-d4adbbf9-8265-4a5c-b14f-23a5f1b5c4f9/bcls/230226_SL-NSE_0596_BHCMJGDSX5,400,200,20,3000,40000,,,,TRUE,batch2,
2023_02_26,FALSE,channel1,FF04679061,rna,rna,nuclei,channel1,pbmc,*,SI-TT-D7,FINNGEN,FINNGEN,GRCh38-2020-A,ARC-v1,HCMJGDSX5,gs://fc-secure-d4adbbf9-8265-4a5c-b14f-23a5f1b5c4f9/bcls/230226_SL-NSE_0596_BHCMJGDSX5,400,200,20,4000,50000,,,,TRUE,batch2,
2023_02_26,FALSE,channel1,FF04679091,rna,rna,nuclei,channel1,pbmc,*,SI-TT-B7,FINNGEN,FINNGEN,GRCh38-2020-A,ARC-v1,HCMJGDSX5,gs://fc-secure-d4adbbf9-8265-4a5c-b14f-23a5f1b5c4f9/bcls/230226_SL-NSE_0596_BHCMJGDSX5,400,200,20,4000,45000,,,,TRUE,batch2,
2023_02_26,FALSE,channel1,FF04679363,rna,rna,nuclei,channel1,pbmc,*,SI-TT-C11,FINNGEN,FINNGEN,GRCh38-2020-A,ARC-v1,HCMJGDSX5,gs://fc-secure-d4adbbf9-8265-4a5c-b14f-23a5f1b5c4f9/bcls/230226_SL-NSE_0596_BHCMJGDSX5,400,200,20,3000,35000,,,,TRUE,batch2,
2023_02_26,FALSE,channel1,FF04679584,rna,rna,nuclei,channel1,pbmc,*,SI-TT-E11,FINNGEN,FINNGEN,GRCh38-2020-A,ARC-v1,HCMJGDSX5,gs://fc-secure-d4adbbf9-8265-4a5c-b14f-23a5f1b5c4f9/bcls/230226_SL-NSE_0596_BHCMJGDSX5,400,200,20,3000,35000,,,,TRUE,batch2,
2023_02_26,FALSE,channel1,FF04679635,rna,rna,nuclei,channel1,pbmc,*,SI-TT-C3,FINNGEN,FINNGEN,GRCh38-2020-A,ARC-v1,HCMJGDSX5,gs://fc-secure-d4adbbf9-8265-4a5c-b14f-23a5f1b5c4f9/bcls/230226_SL-NSE_0596_BHCMJGDSX5,400,200,20,4000,35000,,,,TRUE,batch2,
2023_02_26,FALSE,channel1,FF05494391,rna,rna,nuclei,channel1,pbmc,*,SI-TT-A9,FINNGEN,FINNGEN,GRCh38-2020-A,ARC-v1,HCMC3DSX5,gs://fc-secure-d4adbbf9-8265-4a5c-b14f-23a5f1b5c4f9/bcls/230226_SL-NSE_0597_AHCMC3DSX5,400,200,20,3000,40000,,,,TRUE,batch2,
2023_01_20,FALSE,channel1,FF05494449,rna,rna,nuclei,channel1,pbmc,*,SI-TT-A1,FINNGEN,FINNGEN,GRCh38-2020-A,ARC-v1,AAANGLFHV,gs://fc-secure-d4adbbf9-8265-4a5c-b14f-23a5f1b5c4f9/bcls/230120_SL-NTA_20_AAANGLFHV,400,200,20,4000,40000,,,,TRUE,batch2,bcl_convert
2023_01_20,FALSE,channel1,FF05494554,rna,rna,nuclei,channel1,pbmc,*,SI-TT-E1,FINNGEN,FINNGEN,GRCh38-2020-A,ARC-v1,AAANGLFHV,gs://fc-secure-d4adbbf9-8265-4a5c-b14f-23a5f1b5c4f9/bcls/230120_SL-NTA_20_AAANGLFHV,400,200,20,3000,20000,,,,TRUE,batch2,bcl_convert
2023_01_20,FALSE,channel1,FF05494555,rna,rna,nuclei,channel1,pbmc,*,SI-TT-F1,FINNGEN,FINNGEN,GRCh38-2020-A,ARC-v1,AAANGLFHV,gs://fc-secure-d4adbbf9-8265-4a5c-b14f-23a5f1b5c4f9/bcls/230120_SL-NTA_20_AAANGLFHV,400,200,20,4000,35000,,,,TRUE,batch2,bcl_convert
2023_01_20,FALSE,channel1,FF05494624,rna,rna,nuclei,channel1,pbmc,*,SI-TT-G1,FINNGEN,FINNGEN,GRCh38-2020-A,ARC-v1,AAANGLFHV,gs://fc-secure-d4adbbf9-8265-4a5c-b14f-23a5f1b5c4f9/bcls/230120_SL-NTA_20_AAANGLFHV,400,200,20,3000,35000,,,,TRUE,batch2,bcl_convert
2023_01_20,FALSE,channel1,FF05494733,rna,rna,nuclei,channel1,pbmc,*,SI-TT-C1,FINNGEN,FINNGEN,GRCh38-2020-A,ARC-v1,AAANGLFHV,gs://fc-secure-d4adbbf9-8265-4a5c-b14f-23a5f1b5c4f9/bcls/230120_SL-NTA_20_AAANGLFHV,400,200,20,2000,30000,,,,TRUE,batch2,bcl_convert
2023_02_26,FALSE,channel1,FF06996062,rna,rna,nuclei,channel1,pbmc,*,SI-TT-D6,FINNGEN,FINNGEN,GRCh38-2020-A,ARC-v1,HCMC3DSX5,gs://fc-secure-d4adbbf9-8265-4a5c-b14f-23a5f1b5c4f9/bcls/230226_SL-NSE_0597_AHCMC3DSX5,400,200,20,3000,35000,,,,TRUE,batch2,
2023_02_03,FALSE,channel1,FF06996242,rna,rna,nuclei,channel1,pbmc,*,SI-TT-G9,FINNGEN,FINNGEN,GRCh38-2020-A,ARC-v1,H7KTTDSX5,gs://fc-secure-d4adbbf9-8265-4a5c-b14f-23a5f1b5c4f9/bcls/230203_SL-NSH_1070_AH7KTTDSX5,400,200,20,4000,40000,,,,TRUE,batch2,
2023_02_26,FALSE,channel1,FF06996352,rna,rna,nuclei,channel1,pbmc,*,SI-TT-C9,FINNGEN,FINNGEN,GRCh38-2020-A,ARC-v1,HCMC3DSX5,gs://fc-secure-d4adbbf9-8265-4a5c-b14f-23a5f1b5c4f9/bcls/230226_SL-NSE_0597_AHCMC3DSX5,400,200,20,2000,40000,,,,TRUE,batch2,
2023_02_03,FALSE,channel1,FF06996385,rna,rna,nuclei,channel1,pbmc,*,SI-TT-F9,FINNGEN,FINNGEN,GRCh38-2020-A,ARC-v1,H7KTTDSX5,gs://fc-secure-d4adbbf9-8265-4a5c-b14f-23a5f1b5c4f9/bcls/230203_SL-NSH_1070_AH7KTTDSX5,400,200,20,4000,35000,,,,TRUE,batch2,
2023_02_26,FALSE,channel1,FF06996435,rna,rna,nuclei,channel1,pbmc,*,SI-TT-G6,FINNGEN,FINNGEN,GRCh38-2020-A,ARC-v1,HCMJGDSX5,gs://fc-secure-d4adbbf9-8265-4a5c-b14f-23a5f1b5c4f9/bcls/230226_SL-NSE_0596_BHCMJGDSX5,400,200,20,2000,30000,,,,TRUE,batch2,
2023_02_26,FALSE,channel1,FF06996484,rna,rna,nuclei,channel1,pbmc,*,SI-TT-H3,FINNGEN,FINNGEN,GRCh38-2020-A,ARC-v1,HCMJGDSX5,gs://fc-secure-d4adbbf9-8265-4a5c-b14f-23a5f1b5c4f9/bcls/230226_SL-NSE_0596_BHCMJGDSX5,400,200,20,3000,45000,,,,TRUE,batch2,
2023_02_26,FALSE,channel1,FF06996814,rna,rna,nuclei,channel1,pbmc,*,SI-TT-F7,FINNGEN,FINNGEN,GRCh38-2020-A,ARC-v1,HCMJGDSX5,gs://fc-secure-d4adbbf9-8265-4a5c-b14f-23a5f1b5c4f9/bcls/230226_SL-NSE_0596_BHCMJGDSX5,400,200,20,5000,45000,,,,TRUE,batch2,
2023_01_20,FALSE,channel1,FF06996927,rna,rna,nuclei,channel1,pbmc,*,SI-TT-H1,FINNGEN,FINNGEN,GRCh38-2020-A,ARC-v1,AAANGLFHV,gs://fc-secure-d4adbbf9-8265-4a5c-b14f-23a5f1b5c4f9/bcls/230120_SL-NTA_20_AAANGLFHV,400,200,20,3000,35000,,,,TRUE,batch2,bcl_convert
2023_02_26,FALSE,channel1,FF06996965,rna,rna,nuclei,channel1,pbmc,*,SI-TT-B9,FINNGEN,FINNGEN,GRCh38-2020-A,ARC-v1,HCMC3DSX5,gs://fc-secure-d4adbbf9-8265-4a5c-b14f-23a5f1b5c4f9/bcls/230226_SL-NSE_0597_AHCMC3DSX5,400,200,20,2000,35000,,,,TRUE,batch2,
2023_02_26,FALSE,channel1,FF06996984,rna,rna,nuclei,channel1,pbmc,*,SI-TT-D9,FINNGEN,FINNGEN,GRCh38-2020-A,ARC-v1,HCMC3DSX5,gs://fc-secure-d4adbbf9-8265-4a5c-b14f-23a5f1b5c4f9/bcls/230226_SL-NSE_0597_AHCMC3DSX5,400,200,20,1000,35000,,,,TRUE,batch2,
2023_02_03,FALSE,channel1,FF06997000,rna,rna,nuclei,channel1,pbmc,*,SI-TT-E9,FINNGEN,FINNGEN,GRCh38-2020-A,ARC-v1,H7KTTDSX5,gs://fc-secure-d4adbbf9-8265-4a5c-b14f-23a5f1b5c4f9/bcls/230203_SL-NSH_1070_AH7KTTDSX5,400,200,20,4000,40000,,,,TRUE,batch2,
2023_02_03,FALSE,channel1,FF06997033,rna,rna,nuclei,channel1,pbmc,*,SI-TT-F10,FINNGEN,FINNGEN,GRCh38-2020-A,ARC-v1,H7KTTDSX5,gs://fc-secure-d4adbbf9-8265-4a5c-b14f-23a5f1b5c4f9/bcls/230203_SL-NSH_1070_AH7KTTDSX5,400,200,20,2000,30000,,,,TRUE,batch2,
2023_02_26,FALSE,channel1,FF06997053,rna,rna,nuclei,channel1,pbmc,*,SI-TT-H8,FINNGEN,FINNGEN,GRCh38-2020-A,ARC-v1,HCMC3DSX5,gs://fc-secure-d4adbbf9-8265-4a5c-b14f-23a5f1b5c4f9/bcls/230226_SL-NSE_0597_AHCMC3DSX5,400,200,20,2000,30000,,,,TRUE,batch2,
2023_02_26,FALSE,channel1,FF06997568,rna,rna,nuclei,channel1,pbmc,*,SI-TT-B3,FINNGEN,FINNGEN,GRCh38-2020-A,ARC-v1,HCMJGDSX5,gs://fc-secure-d4adbbf9-8265-4a5c-b14f-23a5f1b5c4f9/bcls/230226_SL-NSE_0596_BHCMJGDSX5,400,200,20,5000,35000,,,,TRUE,batch2,
2023_02_26,FALSE,channel1,FF06997662,rna,rna,nuclei,channel1,pbmc,*,SI-TT-F5,FINNGEN,FINNGEN,GRCh38-2020-A,ARC-v1,HCMC3DSX5,gs://fc-secure-d4adbbf9-8265-4a5c-b14f-23a5f1b5c4f9/bcls/230226_SL-NSE_0597_AHCMC3DSX5,400,200,20,2000,30000,,,,TRUE,batch2,
2023_02_26,FALSE,channel1,FF06997714,rna,rna,nuclei,channel1,pbmc,*,SI-TT-G4,FINNGEN,FINNGEN,GRCh38-2020-A,ARC-v1,HCMC3DSX5,gs://fc-secure-d4adbbf9-8265-4a5c-b14f-23a5f1b5c4f9/bcls/230226_SL-NSE_0597_AHCMC3DSX5,400,200,20,3000,35000,,,,TRUE,batch2,
2023_02_26,FALSE,channel1,FF06997820,rna,rna,nuclei,channel1,pbmc,*,SI-TT-H5,FINNGEN,FINNGEN,GRCh38-2020-A,ARC-v1,HCMC3DSX5,gs://fc-secure-d4adbbf9-8265-4a5c-b14f-23a5f1b5c4f9/bcls/230226_SL-NSE_0597_AHCMC3DSX5,400,200,20,3000,35000,,,,TRUE,batch2,
2023_02_26,FALSE,channel1,FF06997855,rna,rna,nuclei,channel1,pbmc,*,SI-TT-D5,FINNGEN,FINNGEN,GRCh38-2020-A,ARC-v1,HCMC3DSX5,gs://fc-secure-d4adbbf9-8265-4a5c-b14f-23a5f1b5c4f9/bcls/230226_SL-NSE_0597_AHCMC3DSX5,400,200,20,2000,30000,,,,TRUE,batch2,
2023_02_26,FALSE,channel1,FF06998098,rna,rna,nuclei,channel1,pbmc,*,SI-TT-F4,FINNGEN,FINNGEN,GRCh38-2020-A,ARC-v1,HCMC3DSX5,gs://fc-secure-d4adbbf9-8265-4a5c-b14f-23a5f1b5c4f9/bcls/230226_SL-NSE_0597_AHCMC3DSX5,400,200,20,2000,30000,,,,TRUE,batch2,
2023_02_03,FALSE,channel1,FF08068250,rna,rna,nuclei,channel1,pbmc,*,SI-TT-A10,FINNGEN,FINNGEN,GRCh38-2020-A,ARC-v1,H7KTTDSX5,gs://fc-secure-d4adbbf9-8265-4a5c-b14f-23a5f1b5c4f9/bcls/230203_SL-NSH_1070_AH7KTTDSX5,400,200,20,4000,35000,,,,TRUE,batch2,
2023_02_03,FALSE,channel1,FF08068365,rna,rna,nuclei,channel1,pbmc,*,SI-TT-E12,FINNGEN,FINNGEN,GRCh38-2020-A,ARC-v1,H7KTTDSX5,gs://fc-secure-d4adbbf9-8265-4a5c-b14f-23a5f1b5c4f9/bcls/230203_SL-NSH_1070_AH7KTTDSX5,400,200,20,3000,35000,,,,TRUE,batch2,
2023_02_03,FALSE,channel1,FF08068546,rna,rna,nuclei,channel1,pbmc,*,SI-TT-B10,FINNGEN,FINNGEN,GRCh38-2020-A,ARC-v1,H7KTTDSX5,gs://fc-secure-d4adbbf9-8265-4a5c-b14f-23a5f1b5c4f9/bcls/230203_SL-NSH_1070_AH7KTTDSX5,400,200,20,1000,40000,,,,TRUE,batch2,
2023_02_03,FALSE,channel1,FF08068546_2,rna,rna,nuclei,channel1,pbmc,*,SI-TT-A11,FINNGEN,FINNGEN,GRCh38-2020-A,ARC-v1,H7KTTDSX5,gs://fc-secure-d4adbbf9-8265-4a5c-b14f-23a5f1b5c4f9/bcls/230203_SL-NSH_1070_AH7KTTDSX5,400,200,20,600,35000,,,,TRUE,batch2,
2023_02_03,FALSE,channel1,FF08068648,rna,rna,nuclei,channel1,pbmc,*,SI-TT-D10,FINNGEN,FINNGEN,GRCh38-2020-A,ARC-v1,H7KTTDSX5,gs://fc-secure-d4adbbf9-8265-4a5c-b14f-23a5f1b5c4f9/bcls/230203_SL-NSH_1070_AH7KTTDSX5,400,200,20,2000,40000,,,,TRUE,batch2,
2023_02_03,FALSE,channel1,FF08068671,rna,rna,nuclei,channel1,pbmc,*,SI-TT-C10,FINNGEN,FINNGEN,GRCh38-2020-A,ARC-v1,H7KTTDSX5,gs://fc-secure-d4adbbf9-8265-4a5c-b14f-23a5f1b5c4f9/bcls/230203_SL-NSH_1070_AH7KTTDSX5,400,200,20,2000,35000,,,,TRUE,batch2,
2023_02_26,FALSE,channel1,FF09146106,rna,rna,nuclei,channel1,pbmc,*,SI-TT-E4,FINNGEN,FINNGEN,GRCh38-2020-A,ARC-v1,HCMC3DSX5,gs://fc-secure-d4adbbf9-8265-4a5c-b14f-23a5f1b5c4f9/bcls/230226_SL-NSE_0597_AHCMC3DSX5,400,200,20,2000,30000,,,,TRUE,batch2,
2023_02_26,FALSE,channel1,FF09147402,rna,rna,nuclei,channel1,pbmc,*,SI-TT-D2,FINNGEN,FINNGEN,GRCh38-2020-A,ARC-v1,HCMJGDSX5,gs://fc-secure-d4adbbf9-8265-4a5c-b14f-23a5f1b5c4f9/bcls/230226_SL-NSE_0596_BHCMJGDSX5,400,200,20,2000,30000,,,,TRUE,batch2,
2023_02_03,FALSE,channel1,FF09451014,rna,rna,nuclei,channel1,pbmc,*,SI-TT-H5,FINNGEN,FINNGEN,GRCh38-2020-A,ARC-v1,H7KTTDSX5,gs://fc-secure-d4adbbf9-8265-4a5c-b14f-23a5f1b5c4f9/bcls/230203_SL-NSH_1070_AH7KTTDSX5,400,200,20,4000,45000,,,,TRUE,batch2,
2023_02_03,FALSE,channel1,FF09451054,rna,rna,nuclei,channel1,pbmc,*,SI-TT-B5,FINNGEN,FINNGEN,GRCh38-2020-A,ARC-v1,H7KTTDSX5,gs://fc-secure-d4adbbf9-8265-4a5c-b14f-23a5f1b5c4f9/bcls/230203_SL-NSH_1070_AH7KTTDSX5,400,200,20,2000,30000,,,,TRUE,batch2,
2023_02_03,FALSE,channel1,FF09451071,rna,rna,nuclei,channel1,pbmc,*,SI-TT-E4,FINNGEN,FINNGEN,GRCh38-2020-A,ARC-v1,H7KTTDSX5,gs://fc-secure-d4adbbf9-8265-4a5c-b14f-23a5f1b5c4f9/bcls/230203_SL-NSH_1070_AH7KTTDSX5,400,200,20,3000,30000,,,,TRUE,batch2,
2023_02_03,FALSE,channel1,FF09451245,rna,rna,nuclei,channel1,pbmc,*,SI-TT-B4,FINNGEN,FINNGEN,GRCh38-2020-A,ARC-v1,H7KTTDSX5,gs://fc-secure-d4adbbf9-8265-4a5c-b14f-23a5f1b5c4f9/bcls/230203_SL-NSH_1070_AH7KTTDSX5,400,200,20,2000,25000,,,,TRUE,batch2,
2023_02_03,FALSE,channel1,FF09458530,rna,rna,nuclei,channel1,pbmc,*,SI-TT-F5,FINNGEN,FINNGEN,GRCh38-2020-A,ARC-v1,H7KTTDSX5,gs://fc-secure-d4adbbf9-8265-4a5c-b14f-23a5f1b5c4f9/bcls/230203_SL-NSH_1070_AH7KTTDSX5,400,200,20,4000,45000,,,,TRUE,batch2,
2023_02_03,FALSE,channel1,FF09459094,rna,rna,nuclei,channel1,pbmc,*,SI-TT-C5,FINNGEN,FINNGEN,GRCh38-2020-A,ARC-v1,H7KTTDSX5,gs://fc-secure-d4adbbf9-8265-4a5c-b14f-23a5f1b5c4f9/bcls/230203_SL-NSH_1070_AH7KTTDSX5,400,200,20,2000,30000,,,,TRUE,batch2,
2023_02_03,FALSE,channel1,FF09459226,rna,rna,nuclei,channel1,pbmc,*,SI-TT-D5,FINNGEN,FINNGEN,GRCh38-2020-A,ARC-v1,H7KTTDSX5,gs://fc-secure-d4adbbf9-8265-4a5c-b14f-23a5f1b5c4f9/bcls/230203_SL-NSH_1070_AH7KTTDSX5,400,200,20,2000,30000,,,,TRUE,batch2,
2023_02_03,FALSE,channel1,FF09459516,rna,rna,nuclei,channel1,pbmc,*,SI-TT-F4,FINNGEN,FINNGEN,GRCh38-2020-A,ARC-v1,H7KTTDSX5,gs://fc-secure-d4adbbf9-8265-4a5c-b14f-23a5f1b5c4f9/bcls/230203_SL-NSH_1070_AH7KTTDSX5,400,200,20,4000,35000,,,,TRUE,batch2,
2023_02_03,FALSE,channel1,FF09459709,rna,rna,nuclei,channel1,pbmc,*,SI-TT-G4,FINNGEN,FINNGEN,GRCh38-2020-A,ARC-v1,H7KTTDSX5,gs://fc-secure-d4adbbf9-8265-4a5c-b14f-23a5f1b5c4f9/bcls/230203_SL-NSH_1070_AH7KTTDSX5,400,200,20,4000,45000,,,,TRUE,batch2,
2023_02_26,FALSE,channel1,FF09459729,rna,rna,nuclei,channel1,pbmc,*,SI-TT-G7,FINNGEN,FINNGEN,GRCh38-2020-A,ARC-v1,HCMC3DSX5,gs://fc-secure-d4adbbf9-8265-4a5c-b14f-23a5f1b5c4f9/bcls/230226_SL-NSE_0597_AHCMC3DSX5,400,200,20,2000,40000,,,,TRUE,batch2,
2023_02_26,FALSE,channel1,FF09459818,rna,rna,nuclei,channel1,pbmc,*,SI-TT-C3,FINNGEN,FINNGEN,GRCh38-2020-A,ARC-v1,HCMC3DSX5,gs://fc-secure-d4adbbf9-8265-4a5c-b14f-23a5f1b5c4f9/bcls/230226_SL-NSE_0597_AHCMC3DSX5,400,200,20,1000,20000,,,,TRUE,batch2,
2023_02_03,FALSE,channel1,FF09459825,rna,rna,nuclei,channel1,pbmc,*,SI-TT-F12,FINNGEN,FINNGEN,GRCh38-2020-A,ARC-v1,H7KTTDSX5,gs://fc-secure-d4adbbf9-8265-4a5c-b14f-23a5f1b5c4f9/bcls/230203_SL-NSH_1070_AH7KTTDSX5,400,200,20,1000,20000,,,,TRUE,batch2,
2023_02_03,FALSE,channel1,FF09459844,rna,rna,nuclei,channel1,pbmc,*,SI-TT-H4,FINNGEN,FINNGEN,GRCh38-2020-A,ARC-v1,H7KTTDSX5,gs://fc-secure-d4adbbf9-8265-4a5c-b14f-23a5f1b5c4f9/bcls/230203_SL-NSH_1070_AH7KTTDSX5,400,200,20,3000,35000,,,,TRUE,batch2,
2023_02_26,FALSE,channel1,FF09459949,rna,rna,nuclei,channel1,pbmc,*,SI-TT-D7,FINNGEN,FINNGEN,GRCh38-2020-A,ARC-v1,HCMC3DSX5,gs://fc-secure-d4adbbf9-8265-4a5c-b14f-23a5f1b5c4f9/bcls/230226_SL-NSE_0597_AHCMC3DSX5,400,200,20,2000,30000,,,,TRUE,batch2,
2023_02_26,FALSE,channel1,FF09460198,rna,rna,nuclei,channel1,pbmc,*,SI-TT-C7,FINNGEN,FINNGEN,GRCh38-2020-A,ARC-v1,HCMC3DSX5,gs://fc-secure-d4adbbf9-8265-4a5c-b14f-23a5f1b5c4f9/bcls/230226_SL-NSE_0597_AHCMC3DSX5,400,200,20,2000,30000,,,,TRUE,batch2,
2023_02_26,FALSE,channel1,FF09460235,rna,rna,nuclei,channel1,pbmc,*,SI-TT-E7,FINNGEN,FINNGEN,GRCh38-2020-A,ARC-v1,HCMC3DSX5,gs://fc-secure-d4adbbf9-8265-4a5c-b14f-23a5f1b5c4f9/bcls/230226_SL-NSE_0597_AHCMC3DSX5,400,200,20,4000,35000,,,,TRUE,batch2,
2023_02_03,FALSE,channel1,FF09460275,rna,rna,nuclei,channel1,pbmc,*,SI-TT-B12,FINNGEN,FINNGEN,GRCh38-2020-A,ARC-v1,H7KTTDSX5,gs://fc-secure-d4adbbf9-8265-4a5c-b14f-23a5f1b5c4f9/bcls/230203_SL-NSH_1070_AH7KTTDSX5,400,200,20,2000,35000,,,,TRUE,batch2,
2023_02_26,FALSE,channel1,FF09460275_2,rna,rna,nuclei,channel1,pbmc,*,SI-TT-B7,FINNGEN,FINNGEN,GRCh38-2020-A,ARC-v1,HCMC3DSX5,gs://fc-secure-d4adbbf9-8265-4a5c-b14f-23a5f1b5c4f9/bcls/230226_SL-NSE_0597_AHCMC3DSX5,400,200,20,1000,35000,,,,TRUE,batch2,
2023_02_03,FALSE,channel1,FF09472257,rna,rna,nuclei,channel1,pbmc,*,SI-TT-G5,FINNGEN,FINNGEN,GRCh38-2020-A,ARC-v1,H7KTTDSX5,gs://fc-secure-d4adbbf9-8265-4a5c-b14f-23a5f1b5c4f9/bcls/230203_SL-NSH_1070_AH7KTTDSX5,400,200,20,4000,40000,,,,TRUE,batch2,
2023_02_03,FALSE,channel1,FF09472322,rna,rna,nuclei,channel1,pbmc,*,SI-TT-E5,FINNGEN,FINNGEN,GRCh38-2020-A,ARC-v1,H7KTTDSX5,gs://fc-secure-d4adbbf9-8265-4a5c-b14f-23a5f1b5c4f9/bcls/230203_SL-NSH_1070_AH7KTTDSX5,400,200,20,3000,35000,,,,TRUE,batch2,
2023_02_03,FALSE,channel1,FF09472358,rna,rna,nuclei,channel1,pbmc,*,SI-TT-A5,FINNGEN,FINNGEN,GRCh38-2020-A,ARC-v1,H7KTTDSX5,gs://fc-secure-d4adbbf9-8265-4a5c-b14f-23a5f1b5c4f9/bcls/230203_SL-NSH_1070_AH7KTTDSX5,400,200,20,2000,30000,,,,TRUE,batch2,
2023_03_20,FALSE,channel1,FF03154671,rna,rna,nuclei,channel1,pbmc,*,SI-TT-C2,FINNGEN,FINNGEN,GRCh38-2020-A,ARC-v1,HFTH3DSX5,gs://fc-secure-d4adbbf9-8265-4a5c-b14f-23a5f1b5c4f9/bcls/230318_SL-NVV_0695_AHFTH3DSX5,400,200,20,4000,35000,,,,TRUE,batch3,
2023_03_20,FALSE,channel1,FF03154687,rna,rna,nuclei,channel1,pbmc,*,SI-TT-C1,FINNGEN,FINNGEN,GRCh38-2020-A,ARC-v1,HFTH3DSX5,gs://fc-secure-d4adbbf9-8265-4a5c-b14f-23a5f1b5c4f9/bcls/230318_SL-NVV_0695_AHFTH3DSX5,400,200,20,3000,30000,,,,TRUE,batch3,
2023_03_20,FALSE,channel1,FF03154726,rna,rna,nuclei,channel1,pbmc,*,SI-TT-H1,FINNGEN,FINNGEN,GRCh38-2020-A,ARC-v1,HFTH3DSX5,gs://fc-secure-d4adbbf9-8265-4a5c-b14f-23a5f1b5c4f9/bcls/230318_SL-NVV_0695_AHFTH3DSX5,400,200,20,4000,35000,,,,TRUE,batch3,
2023_03_20,FALSE,channel1,FF03154821,rna,rna,nuclei,channel1,pbmc,*,SI-TT-B2,FINNGEN,FINNGEN,GRCh38-2020-A,ARC-v1,HFTH3DSX5,gs://fc-secure-d4adbbf9-8265-4a5c-b14f-23a5f1b5c4f9/bcls/230318_SL-NVV_0695_AHFTH3DSX5,400,200,20,4000,40000,,,,TRUE,batch3,
2023_03_20,FALSE,channel1,FF03154934,rna,rna,nuclei,channel1,pbmc,*,SI-TT-D2,FINNGEN,FINNGEN,GRCh38-2020-A,ARC-v1,HFTH3DSX5,gs://fc-secure-d4adbbf9-8265-4a5c-b14f-23a5f1b5c4f9/bcls/230318_SL-NVV_0695_AHFTH3DSX5,400,200,20,4000,35000,,,,TRUE,batch3,
2023_03_20,FALSE,channel1,FF03154951,rna,rna,nuclei,channel1,pbmc,*,SI-TT-G1,FINNGEN,FINNGEN,GRCh38-2020-A,ARC-v1,HFTH3DSX5,gs://fc-secure-d4adbbf9-8265-4a5c-b14f-23a5f1b5c4f9/bcls/230318_SL-NVV_0695_AHFTH3DSX5,400,200,20,3000,25000,,,,TRUE,batch3,
2023_03_20,FALSE,channel1,FF03155020,rna,rna,nuclei,channel1,pbmc,*,SI-TT-A2,FINNGEN,FINNGEN,GRCh38-2020-A,ARC-v1,HFTH3DSX5,gs://fc-secure-d4adbbf9-8265-4a5c-b14f-23a5f1b5c4f9/bcls/230318_SL-NVV_0695_AHFTH3DSX5,400,200,20,4000,35000,,,,TRUE,batch3,
2023_03_20,FALSE,channel1,FF03155033,rna,rna,nuclei,channel1,pbmc,*,SI-TT-F1,FINNGEN,FINNGEN,GRCh38-2020-A,ARC-v1,HFTH3DSX5,gs://fc-secure-d4adbbf9-8265-4a5c-b14f-23a5f1b5c4f9/bcls/230318_SL-NVV_0695_AHFTH3DSX5,400,200,20,4000,35000,,,,TRUE,batch3,
2023_03_20,FALSE,channel1,FF04677807,rna,rna,nuclei,channel1,pbmc,*,SI-TT-G3,FINNGEN,FINNGEN,GRCh38-2020-A,ARC-v1,HFTH3DSX5,gs://fc-secure-d4adbbf9-8265-4a5c-b14f-23a5f1b5c4f9/bcls/230318_SL-NVV_0695_AHFTH3DSX5,400,200,20,3000,30000,,,,TRUE,batch3,
2023_03_20,FALSE,channel1,FF04677821,rna,rna,nuclei,channel1,pbmc,*,SI-TT-F4,FINNGEN,FINNGEN,GRCh38-2020-A,ARC-v1,HFTH3DSX5,gs://fc-secure-d4adbbf9-8265-4a5c-b14f-23a5f1b5c4f9/bcls/230318_SL-NVV_0695_AHFTH3DSX5,400,200,20,5000,35000,,,,TRUE,batch3,
2023_03_20,FALSE,channel1,FF04677829,rna,rna,nuclei,channel1,pbmc,*,SI-TT-F5,FINNGEN,FINNGEN,GRCh38-2020-A,ARC-v1,HKC7VDSX5,gs://fc-secure-d4adbbf9-8265-4a5c-b14f-23a5f1b5c4f9/bcls/230318_SL-NSE_0610_BHKC7VDSX5,400,200,20,2000,30000,,,,TRUE,batch3,
2023_03_20,FALSE,channel1,FF04677856,rna,rna,nuclei,channel1,pbmc,*,SI-TT-B6,FINNGEN,FINNGEN,GRCh38-2020-A,ARC-v1,HKC7VDSX5,gs://fc-secure-d4adbbf9-8265-4a5c-b14f-23a5f1b5c4f9/bcls/230318_SL-NSE_0610_BHKC7VDSX5,400,200,20,3000,30000,,,,TRUE,batch3,
2023_03_20,FALSE,channel1,FF04677873,rna,rna,nuclei,channel1,pbmc,*,SI-TT-F6,FINNGEN,FINNGEN,GRCh38-2020-A,ARC-v1,HKC7VDSX5,gs://fc-secure-d4adbbf9-8265-4a5c-b14f-23a5f1b5c4f9/bcls/230318_SL-NSE_0610_BHKC7VDSX5,400,200,20,2000,30000,,,,TRUE,batch3,
2023_03_20,FALSE,channel1,FF04677895,rna,rna,nuclei,channel1,pbmc,*,SI-TT-H6,FINNGEN,FINNGEN,GRCh38-2020-A,ARC-v1,HKC7VDSX5,gs://fc-secure-d4adbbf9-8265-4a5c-b14f-23a5f1b5c4f9/bcls/230318_SL-NSE_0610_BHKC7VDSX5,400,200,20,4000,35000,,,,TRUE,batch3,
2023_03_20,FALSE,channel1,FF04677900,rna,rna,nuclei,channel1,pbmc,*,SI-TT-H3,FINNGEN,FINNGEN,GRCh38-2020-A,ARC-v1,HFTH3DSX5,gs://fc-secure-d4adbbf9-8265-4a5c-b14f-23a5f1b5c4f9/bcls/230318_SL-NVV_0695_AHFTH3DSX5,400,200,20,3000,40000,,,,TRUE,batch3,
2023_03_20,FALSE,channel1,FF04677922,rna,rna,nuclei,channel1,pbmc,*,SI-TT-C4,FINNGEN,FINNGEN,GRCh38-2020-A,ARC-v1,HFTH3DSX5,gs://fc-secure-d4adbbf9-8265-4a5c-b14f-23a5f1b5c4f9/bcls/230318_SL-NVV_0695_AHFTH3DSX5,400,200,20,2000,10000,,,,TRUE,batch3,
2023_03_20,FALSE,channel1,FF04678018,rna,rna,nuclei,channel1,pbmc,*,SI-TT-A6,FINNGEN,FINNGEN,GRCh38-2020-A,ARC-v1,HKC7VDSX5,gs://fc-secure-d4adbbf9-8265-4a5c-b14f-23a5f1b5c4f9/bcls/230318_SL-NSE_0610_BHKC7VDSX5,400,200,20,2000,30000,,,,TRUE,batch3,
2023_03_20,FALSE,channel1,FF04678036,rna,rna,nuclei,channel1,pbmc,*,SI-TT-D8,FINNGEN,FINNGEN,GRCh38-2020-A,ARC-v1,HKC7VDSX5,gs://fc-secure-d4adbbf9-8265-4a5c-b14f-23a5f1b5c4f9/bcls/230318_SL-NSE_0610_BHKC7VDSX5,400,200,20,4000,40000,,,,TRUE,batch3,
2023_03_20,FALSE,channel1,FF04678073,rna,rna,nuclei,channel1,pbmc,*,SI-TT-F7,FINNGEN,FINNGEN,GRCh38-2020-A,ARC-v1,HKC7VDSX5,gs://fc-secure-d4adbbf9-8265-4a5c-b14f-23a5f1b5c4f9/bcls/230318_SL-NSE_0610_BHKC7VDSX5,400,200,20,5000,35000,,,,TRUE,batch3,
2023_03_20,FALSE,channel1,FF04678091,rna,rna,nuclei,channel1,pbmc,*,SI-TT-B8,FINNGEN,FINNGEN,GRCh38-2020-A,ARC-v1,HKC7VDSX5,gs://fc-secure-d4adbbf9-8265-4a5c-b14f-23a5f1b5c4f9/bcls/230318_SL-NSE_0610_BHKC7VDSX5,400,200,20,2000,30000,,,,TRUE,batch3,
2023_03_20,FALSE,channel1,FF04678167,rna,rna,nuclei,channel1,pbmc,*,SI-TT-H7,FINNGEN,FINNGEN,GRCh38-2020-A,ARC-v1,HKC7VDSX5,gs://fc-secure-d4adbbf9-8265-4a5c-b14f-23a5f1b5c4f9/bcls/230318_SL-NSE_0610_BHKC7VDSX5,400,200,20,4000,40000,,,,TRUE,batch3,
2023_03_20,FALSE,channel1,FF04678171,rna,rna,nuclei,channel1,pbmc,*,SI-TT-D7,FINNGEN,FINNGEN,GRCh38-2020-A,ARC-v1,HKC7VDSX5,gs://fc-secure-d4adbbf9-8265-4a5c-b14f-23a5f1b5c4f9/bcls/230318_SL-NSE_0610_BHKC7VDSX5,400,200,20,4000,35000,,,,TRUE,batch3,
2023_03_20,FALSE,channel1,FF04678223,rna,rna,nuclei,channel1,pbmc,*,SI-TT-A7,FINNGEN,FINNGEN,GRCh38-2020-A,ARC-v1,HKC7VDSX5,gs://fc-secure-d4adbbf9-8265-4a5c-b14f-23a5f1b5c4f9/bcls/230318_SL-NSE_0610_BHKC7VDSX5,400,200,20,2000,30000,,,,TRUE,batch3,
2023_03_20,FALSE,channel1,FF04678945,rna,rna,nuclei,channel1,pbmc,*,SI-TT-D5,FINNGEN,FINNGEN,GRCh38-2020-A,ARC-v1,HKC7VDSX5,gs://fc-secure-d4adbbf9-8265-4a5c-b14f-23a5f1b5c4f9/bcls/230318_SL-NSE_0610_BHKC7VDSX5,400,200,20,4000,35000,,,,TRUE,batch3,
2023_03_20,FALSE,channel1,FF04678979,rna,rna,nuclei,channel1,pbmc,*,SI-TT-F2,FINNGEN,FINNGEN,GRCh38-2020-A,ARC-v1,HFTH3DSX5,gs://fc-secure-d4adbbf9-8265-4a5c-b14f-23a5f1b5c4f9/bcls/230318_SL-NVV_0695_AHFTH3DSX5,400,200,20,2000,30000,,,,TRUE,batch3,
2023_03_20,FALSE,channel1,FF04679043,rna,rna,nuclei,channel1,pbmc,*,SI-TT-G2,FINNGEN,FINNGEN,GRCh38-2020-A,ARC-v1,HFTH3DSX5,gs://fc-secure-d4adbbf9-8265-4a5c-b14f-23a5f1b5c4f9/bcls/230318_SL-NVV_0695_AHFTH3DSX5,400,200,20,2000,30000,,,,TRUE,batch3,
2023_03_20,FALSE,channel1,FF04679052,rna,rna,nuclei,channel1,pbmc,*,SI-TT-H4,FINNGEN,FINNGEN,GRCh38-2020-A,ARC-v1,HKC7VDSX5,gs://fc-secure-d4adbbf9-8265-4a5c-b14f-23a5f1b5c4f9/bcls/230318_SL-NSE_0610_BHKC7VDSX5,400,200,20,4000,40000,,,,TRUE,batch3,
2023_03_20,FALSE,channel1,FF04679065,rna,rna,nuclei,channel1,pbmc,*,SI-TT-C5,FINNGEN,FINNGEN,GRCh38-2020-A,ARC-v1,HKC7VDSX5,gs://fc-secure-d4adbbf9-8265-4a5c-b14f-23a5f1b5c4f9/bcls/230318_SL-NSE_0610_BHKC7VDSX5,400,200,20,3000,30000,,,,TRUE,batch3,
2023_03_20,FALSE,channel1,FF04679067,rna,rna,nuclei,channel1,pbmc,*,SI-TT-E4,FINNGEN,FINNGEN,GRCh38-2020-A,ARC-v1,HFTH3DSX5,gs://fc-secure-d4adbbf9-8265-4a5c-b14f-23a5f1b5c4f9/bcls/230318_SL-NVV_0695_AHFTH3DSX5,400,200,20,2000,30000,,,,TRUE,batch3,
2023_03_20,FALSE,channel1,FF04679069,rna,rna,nuclei,channel1,pbmc,*,SI-TT-B5,FINNGEN,FINNGEN,GRCh38-2020-A,ARC-v1,HKC7VDSX5,gs://fc-secure-d4adbbf9-8265-4a5c-b14f-23a5f1b5c4f9/bcls/230318_SL-NSE_0610_BHKC7VDSX5,400,200,20,1000,30000,,,,TRUE,batch3,
2023_03_20,FALSE,channel1,FF04679108,rna,rna,nuclei,channel1,pbmc,*,SI-TT-D6,FINNGEN,FINNGEN,GRCh38-2020-A,ARC-v1,HKC7VDSX5,gs://fc-secure-d4adbbf9-8265-4a5c-b14f-23a5f1b5c4f9/bcls/230318_SL-NSE_0610_BHKC7VDSX5,400,200,20,2000,20000,,,,TRUE,batch3,
2023_03_20,FALSE,channel1,FF04679108_2,rna,rna,nuclei,channel1,pbmc,*,SI-TT-E8,FINNGEN,FINNGEN,GRCh38-2020-A,ARC-v1,HKC7VDSX5,gs://fc-secure-d4adbbf9-8265-4a5c-b14f-23a5f1b5c4f9/bcls/230318_SL-NSE_0610_BHKC7VDSX5,400,200,20,2000,20000,,,,TRUE,batch3,
2023_03_20,FALSE,channel1,FF04679166,rna,rna,nuclei,channel1,pbmc,*,SI-TT-B4,FINNGEN,FINNGEN,GRCh38-2020-A,ARC-v1,HFTH3DSX5,gs://fc-secure-d4adbbf9-8265-4a5c-b14f-23a5f1b5c4f9/bcls/230318_SL-NVV_0695_AHFTH3DSX5,400,200,20,3000,35000,,,,TRUE,batch3,
2023_03_20,FALSE,channel1,FF04679209,rna,rna,nuclei,channel1,pbmc,*,SI-TT-F3,FINNGEN,FINNGEN,GRCh38-2020-A,ARC-v1,HFTH3DSX5,gs://fc-secure-d4adbbf9-8265-4a5c-b14f-23a5f1b5c4f9/bcls/230318_SL-NVV_0695_AHFTH3DSX5,400,200,20,2000,30000,,,,TRUE,batch3,
2023_03_20,FALSE,channel1,FF04679229,rna,rna,nuclei,channel1,pbmc,*,SI-TT-G4,FINNGEN,FINNGEN,GRCh38-2020-A,ARC-v1,HFTH3DSX5,gs://fc-secure-d4adbbf9-8265-4a5c-b14f-23a5f1b5c4f9/bcls/230318_SL-NVV_0695_AHFTH3DSX5,400,200,20,2000,30000,,,,TRUE,batch3,
2023_03_20,FALSE,channel1,FF04679233,rna,rna,nuclei,channel1,pbmc,*,SI-TT-E6,FINNGEN,FINNGEN,GRCh38-2020-A,ARC-v1,HKC7VDSX5,gs://fc-secure-d4adbbf9-8265-4a5c-b14f-23a5f1b5c4f9/bcls/230318_SL-NSE_0610_BHKC7VDSX5,400,200,20,2000,25000,,,,TRUE,batch3,
2023_03_20,FALSE,channel1,FF04679255,rna,rna,nuclei,channel1,pbmc,*,SI-TT-G6,FINNGEN,FINNGEN,GRCh38-2020-A,ARC-v1,HKC7VDSX5,gs://fc-secure-d4adbbf9-8265-4a5c-b14f-23a5f1b5c4f9/bcls/230318_SL-NSE_0610_BHKC7VDSX5,400,200,20,2000,25000,,,,TRUE,batch3,
2023_03_20,FALSE,channel1,FF04679266,rna,rna,nuclei,channel1,pbmc,*,SI-TT-G7,FINNGEN,FINNGEN,GRCh38-2020-A,ARC-v1,HKC7VDSX5,gs://fc-secure-d4adbbf9-8265-4a5c-b14f-23a5f1b5c4f9/bcls/230318_SL-NSE_0610_BHKC7VDSX5,400,200,20,8000,45000,,,,TRUE,batch3,
2023_03_20,FALSE,channel1,FF04679327,rna,rna,nuclei,channel1,pbmc,*,SI-TT-A8,FINNGEN,FINNGEN,GRCh38-2020-A,ARC-v1,HKC7VDSX5,gs://fc-secure-d4adbbf9-8265-4a5c-b14f-23a5f1b5c4f9/bcls/230318_SL-NSE_0610_BHKC7VDSX5,400,200,20,4000,40000,,,,TRUE,batch3,
2023_03_20,FALSE,channel1,FF04679420,rna,rna,nuclei,channel1,pbmc,*,SI-TT-H5,FINNGEN,FINNGEN,GRCh38-2020-A,ARC-v1,HKC7VDSX5,gs://fc-secure-d4adbbf9-8265-4a5c-b14f-23a5f1b5c4f9/bcls/230318_SL-NSE_0610_BHKC7VDSX5,400,200,20,2000,30000,,,,TRUE,batch3,
2023_03_20,FALSE,channel1,FF04679467,rna,rna,nuclei,channel1,pbmc,*,SI-TT-E7,FINNGEN,FINNGEN,GRCh38-2020-A,ARC-v1,HKC7VDSX5,gs://fc-secure-d4adbbf9-8265-4a5c-b14f-23a5f1b5c4f9/bcls/230318_SL-NSE_0610_BHKC7VDSX5,400,200,20,3000,35000,,,,TRUE,batch3,
2023_03_20,FALSE,channel1,FF04679555,rna,rna,nuclei,channel1,pbmc,*,SI-TT-E2,FINNGEN,FINNGEN,GRCh38-2020-A,ARC-v1,HFTH3DSX5,gs://fc-secure-d4adbbf9-8265-4a5c-b14f-23a5f1b5c4f9/bcls/230318_SL-NVV_0695_AHFTH3DSX5,400,200,20,2000,30000,,,,TRUE,batch3,
2023_03_20,FALSE,channel1,FF04679572,rna,rna,nuclei,channel1,pbmc,*,SI-TT-C8,FINNGEN,FINNGEN,GRCh38-2020-A,ARC-v1,HKC7VDSX5,gs://fc-secure-d4adbbf9-8265-4a5c-b14f-23a5f1b5c4f9/bcls/230318_SL-NSE_0610_BHKC7VDSX5,400,200,20,4000,35000,,,,TRUE,batch3,
2023_03_20,FALSE,channel1,FF04679658,rna,rna,nuclei,channel1,pbmc,*,SI-TT-E3,FINNGEN,FINNGEN,GRCh38-2020-A,ARC-v1,HFTH3DSX5,gs://fc-secure-d4adbbf9-8265-4a5c-b14f-23a5f1b5c4f9/bcls/230318_SL-NVV_0695_AHFTH3DSX5,400,200,20,3000,30000,,,,TRUE,batch3,
2023_03_20,FALSE,channel1,FF04679732,rna,rna,nuclei,channel1,pbmc,*,SI-TT-A3,FINNGEN,FINNGEN,GRCh38-2020-A,ARC-v1,HFTH3DSX5,gs://fc-secure-d4adbbf9-8265-4a5c-b14f-23a5f1b5c4f9/bcls/230318_SL-NVV_0695_AHFTH3DSX5,400,200,20,3000,35000,,,,TRUE,batch3,
2023_03_20,FALSE,channel1,FF04679738,rna,rna,nuclei,channel1,pbmc,*,SI-TT-B3,FINNGEN,FINNGEN,GRCh38-2020-A,ARC-v1,HFTH3DSX5,gs://fc-secure-d4adbbf9-8265-4a5c-b14f-23a5f1b5c4f9/bcls/230318_SL-NVV_0695_AHFTH3DSX5,400,200,20,3000,35000,,,,TRUE,batch3,
2023_03_20,FALSE,channel1,FF06996088,rna,rna,nuclei,channel1,pbmc,*,SI-TT-C6,FINNGEN,FINNGEN,GRCh38-2020-A,ARC-v1,HKC7VDSX5,gs://fc-secure-d4adbbf9-8265-4a5c-b14f-23a5f1b5c4f9/bcls/230318_SL-NSE_0610_BHKC7VDSX5,400,200,20,2000,20000,,,,TRUE,batch3,
2023_03_20,FALSE,channel1,FF06996686,rna,rna,nuclei,channel1,pbmc,*,SI-TT-H2,FINNGEN,FINNGEN,GRCh38-2020-A,ARC-v1,HFTH3DSX5,gs://fc-secure-d4adbbf9-8265-4a5c-b14f-23a5f1b5c4f9/bcls/230318_SL-NVV_0695_AHFTH3DSX5,400,200,20,4000,35000,,,,TRUE,batch3,
2023_03_20,FALSE,channel1,FF06996827,rna,rna,nuclei,channel1,pbmc,*,SI-TT-B1,FINNGEN,FINNGEN,GRCh38-2020-A,ARC-v1,HFTH3DSX5,gs://fc-secure-d4adbbf9-8265-4a5c-b14f-23a5f1b5c4f9/bcls/230318_SL-NVV_0695_AHFTH3DSX5,400,200,20,3000,35000,,,,TRUE,batch3,
2023_03_20,FALSE,channel1,FF06997053,rna,rna,nuclei,channel1,pbmc,*,SI-TT-H8,FINNGEN,FINNGEN,GRCh38-2020-A,ARC-v1,HFTH3DSX5,gs://fc-secure-d4adbbf9-8265-4a5c-b14f-23a5f1b5c4f9/bcls/230318_SL-NVV_0695_AHFTH3DSX5,400,200,20,2000,30000,,,,TRUE,batch3,
2023_03_20,FALSE,channel1,FF06997535,rna,rna,nuclei,channel1,pbmc,*,SI-TT-A1,FINNGEN,FINNGEN,GRCh38-2020-A,ARC-v1,HFTH3DSX5,gs://fc-secure-d4adbbf9-8265-4a5c-b14f-23a5f1b5c4f9/bcls/230318_SL-NVV_0695_AHFTH3DSX5,400,200,20,5000,40000,,,,TRUE,batch3,
2023_03_20,FALSE,channel1,FF06997562,rna,rna,nuclei,channel1,pbmc,*,SI-TT-E1,FINNGEN,FINNGEN,GRCh38-2020-A,ARC-v1,HFTH3DSX5,gs://fc-secure-d4adbbf9-8265-4a5c-b14f-23a5f1b5c4f9/bcls/230318_SL-NVV_0695_AHFTH3DSX5,400,200,20,4000,30000,,,,TRUE,batch3,
2023_03_20,FALSE,channel1,FF06997580,rna,rna,nuclei,channel1,pbmc,*,SI-TT-D1,FINNGEN,FINNGEN,GRCh38-2020-A,ARC-v1,HFTH3DSX5,gs://fc-secure-d4adbbf9-8265-4a5c-b14f-23a5f1b5c4f9/bcls/230318_SL-NVV_0695_AHFTH3DSX5,400,200,20,4000,35000,,,,TRUE,batch3,
2023_03_20,FALSE,channel1,FF09460275,rna,rna,nuclei,channel1,pbmc,*,SI-TT-B7,FINNGEN,FINNGEN,GRCh38-2020-A,ARC-v1,HFTH3DSX5,gs://fc-secure-d4adbbf9-8265-4a5c-b14f-23a5f1b5c4f9/bcls/230318_SL-NVV_0695_AHFTH3DSX5,400,200,20,1000,35000,,,,TRUE,batch3,